país,data início,data fim,dias,semana,total mortes reportadas,total mortes reportadas por covid,populacao,mortes_covid_100000hab,total mortes reportadas 100000hab
Mexico,2014-12-29,2015-01-04,7,1,15101,0,130262220,0,"11,59277034"
Mexico,2015-01-05,2015-01-11,7,2,15449,0,130262220,0,"11,85992378"
Mexico,2015-01-12,2015-01-18,7,3,14820,0,130262220,0,"11,37705161"
Mexico,2015-01-19,2015-01-25,7,4,14172,0,130262220,0,"10,87959348"
Mexico,2015-01-26,2015-02-01,7,5,13628,0,130262220,0,"10,46197432"
Mexico,2015-02-02,2015-02-08,7,6,13914,0,130262220,0,"10,68153145"
Mexico,2015-02-09,2015-02-15,7,7,13550,0,130262220,0,"10,4020951"
Mexico,2015-02-16,2015-02-22,7,8,13799,0,130262220,0,"10,59324799"
Mexico,2015-02-23,2015-03-01,7,9,13054,0,130262220,0,"10,02132468"
Mexico,2015-03-02,2015-03-08,7,10,12979,0,130262220,0,"9,963748507"
Mexico,2015-03-09,2015-03-15,7,11,12498,0,130262220,0,"9,594493323"
Mexico,2015-03-16,2015-03-22,7,12,13133,0,130262220,0,"10,08197158"
Mexico,2015-03-23,2015-03-29,7,13,12066,0,130262220,0,"9,262854571"
Mexico,2015-03-30,2015-04-05,7,14,12477,0,130262220,0,"9,578371995"
Mexico,2015-04-06,2015-04-12,7,15,12202,0,130262220,0,"9,367259363"
Mexico,2015-04-13,2015-04-19,7,16,11796,0,130262220,0,"9,055580352"
Mexico,2015-04-20,2015-04-26,7,17,12403,0,130262220,0,"9,521563505"
Mexico,2015-04-27,2015-05-03,7,18,11763,0,130262220,0,"9,030246836"
Mexico,2015-05-04,2015-05-10,7,19,12059,0,130262220,0,"9,257480795"
Mexico,2015-05-11,2015-05-17,7,20,11732,0,130262220,0,"9,006448685"
Mexico,2015-05-18,2015-05-24,7,21,11856,0,130262220,0,"9,101641289"
Mexico,2015-05-25,2015-05-31,7,22,11608,0,130262220,0,"8,91125608"
Mexico,2015-06-01,2015-06-07,7,23,11876,0,130262220,0,"9,116994935"
Mexico,2015-06-08,2015-06-14,7,24,11709,0,130262220,0,"8,988791992"
Mexico,2015-06-15,2015-06-21,7,25,11510,0,130262220,0,"8,836023215"
Mexico,2015-06-22,2015-06-28,7,26,11571,0,130262220,0,"8,882851835"
Mexico,2015-06-29,2015-07-05,7,27,11583,0,130262220,0,"8,892064023"
Mexico,2015-07-06,2015-07-12,7,28,11538,0,130262220,0,"8,85751832"
Mexico,2015-07-13,2015-07-19,7,29,12003,0,130262220,0,"9,214490587"
Mexico,2015-07-20,2015-07-26,7,30,11947,0,130262220,0,"9,171500378"
Mexico,2015-07-27,2015-08-02,7,31,12083,0,130262220,0,"9,27590517"
Mexico,2015-08-03,2015-08-09,7,32,12237,0,130262220,0,"9,394128244"
Mexico,2015-08-10,2015-08-16,7,33,11739,0,130262220,0,"9,011822461"
Mexico,2015-08-17,2015-08-23,7,34,11670,0,130262220,0,"8,958852383"
Mexico,2015-08-24,2015-08-30,7,35,11680,0,130262220,0,"8,966529205"
Mexico,2015-08-31,2015-09-06,7,36,11668,0,130262220,0,"8,957317018"
Mexico,2015-09-07,2015-09-13,7,37,11814,0,130262220,0,"9,069398633"
Mexico,2015-09-14,2015-09-20,7,38,11957,0,130262220,0,"9,179177201"
Mexico,2015-09-21,2015-09-27,7,39,11560,0,130262220,0,"8,87440733"
Mexico,2015-09-28,2015-10-04,7,40,12484,0,130262220,0,"9,583745771"
Mexico,2015-10-05,2015-10-11,7,41,12397,0,130262220,0,"9,516957411"
Mexico,2015-10-12,2015-10-18,7,42,12063,0,130262220,0,"9,260551524"
Mexico,2015-10-19,2015-10-25,7,43,12221,0,130262220,0,"9,381845327"
Mexico,2015-10-26,2015-11-01,7,44,12153,0,130262220,0,"9,329642931"
Mexico,2015-11-02,2015-11-08,7,45,12543,0,130262220,0,"9,629039026"
Mexico,2015-11-09,2015-11-15,7,46,12217,0,130262220,0,"9,378774598"
Mexico,2015-11-16,2015-11-22,7,47,12542,0,130262220,0,"9,628271344"
Mexico,2015-11-23,2015-11-29,7,48,12597,0,130262220,0,"9,67049387"
Mexico,2015-11-30,2015-12-06,7,49,12830,0,130262220,0,"9,849363845"
Mexico,2015-12-07,2015-12-13,7,50,13526,0,130262220,0,"10,38367072"
Mexico,2015-12-14,2015-12-20,7,51,13542,0,130262220,0,"10,39595364"
Mexico,2015-12-21,2015-12-27,7,52,14351,0,130262220,0,"11,01700862"
Mexico,2015-12-28,2016-01-03,7,53,14170,0,130262220,0,"10,87805812"
Mexico,2016-01-04,2016-01-10,7,1,14299,0,130262220,0,"10,97708914"
Mexico,2016-01-11,2016-01-17,7,2,14540,0,130262220,0,"11,16210057"
Mexico,2016-01-18,2016-01-24,7,3,14557,0,130262220,0,"11,17515117"
Mexico,2016-01-25,2016-01-31,7,4,14902,0,130262220,0,"11,44000156"
Mexico,2016-02-01,2016-02-07,7,5,15160,0,130262220,0,"11,63806359"
Mexico,2016-02-08,2016-02-14,7,6,15691,0,130262220,0,"12,04570289"
Mexico,2016-02-15,2016-02-21,7,7,15725,0,130262220,0,"12,07180409"
Mexico,2016-02-22,2016-02-28,7,8,15034,0,130262220,0,"11,54133562"
Mexico,2016-02-29,2016-03-06,7,9,14797,0,130262220,0,"11,35939492"
Mexico,2016-03-07,2016-03-13,7,10,14351,0,130262220,0,"11,01700862"
Mexico,2016-03-14,2016-03-20,7,11,14025,0,130262220,0,"10,76674419"
Mexico,2016-03-21,2016-03-27,7,12,13418,0,130262220,0,"10,30076103"
Mexico,2016-03-28,2016-04-03,7,13,13411,0,130262220,0,"10,29538726"
Mexico,2016-04-04,2016-04-10,7,14,12710,0,130262220,0,"9,757241969"
Mexico,2016-04-11,2016-04-17,7,15,12422,0,130262220,0,"9,536149468"
Mexico,2016-04-18,2016-04-24,7,16,11939,0,130262220,0,"9,16535892"
Mexico,2016-04-25,2016-05-01,7,17,12481,0,130262220,0,"9,581442724"
Mexico,2016-05-02,2016-05-08,7,18,12723,0,130262220,0,"9,767221839"
Mexico,2016-05-09,2016-05-15,7,19,12478,0,130262220,0,"9,579139677"
Mexico,2016-05-16,2016-05-22,7,20,12483,0,130262220,0,"9,582978088"
Mexico,2016-05-23,2016-05-29,7,21,13019,0,130262220,0,"9,994455798"
Mexico,2016-05-30,2016-06-05,7,22,12222,0,130262220,0,"9,382613009"
Mexico,2016-06-06,2016-06-12,7,23,12011,0,130262220,0,"9,220632045"
Mexico,2016-06-13,2016-06-19,7,24,11994,0,130262220,0,"9,207581446"
Mexico,2016-06-20,2016-06-26,7,25,12117,0,130262220,0,"9,302006368"
Mexico,2016-06-27,2016-07-03,7,26,12203,0,130262220,0,"9,368027046"
Mexico,2016-07-04,2016-07-10,7,27,12439,0,130262220,0,"9,549200067"
Mexico,2016-07-11,2016-07-17,7,28,12241,0,130262220,0,"9,397198973"
Mexico,2016-07-18,2016-07-24,7,29,12316,0,130262220,0,"9,454775145"
Mexico,2016-07-25,2016-07-31,7,30,12141,0,130262220,0,"9,320430743"
Mexico,2016-08-01,2016-08-07,7,31,12456,0,130262220,0,"9,562250666"
Mexico,2016-08-08,2016-08-14,7,32,12173,0,130262220,0,"9,344996577"
Mexico,2016-08-15,2016-08-21,7,33,12261,0,130262220,0,"9,412552619"
Mexico,2016-08-22,2016-08-28,7,34,12245,0,130262220,0,"9,400269702"
Mexico,2016-08-29,2016-09-04,7,35,12137,0,130262220,0,"9,317360014"
Mexico,2016-09-05,2016-09-11,7,36,12285,0,130262220,0,"9,430976994"
Mexico,2016-09-12,2016-09-18,7,37,12491,0,130262220,0,"9,589119547"
Mexico,2016-09-19,2016-09-25,7,38,12203,0,130262220,0,"9,368027046"
Mexico,2016-09-26,2016-10-02,7,39,12300,0,130262220,0,"9,442492228"
Mexico,2016-10-03,2016-10-09,7,40,12500,0,130262220,0,"9,596028687"
Mexico,2016-10-10,2016-10-16,7,41,12201,0,130262220,0,"9,366491681"
Mexico,2016-10-17,2016-10-23,7,42,12365,0,130262220,0,"9,492391578"
Mexico,2016-10-24,2016-10-30,7,43,12506,0,130262220,0,"9,600634781"
Mexico,2016-10-31,2016-11-06,7,44,12735,0,130262220,0,"9,776434027"
Mexico,2016-11-07,2016-11-13,7,45,12478,0,130262220,0,"9,579139677"
Mexico,2016-11-14,2016-11-20,7,46,12837,0,130262220,0,"9,854737621"
Mexico,2016-11-21,2016-11-27,7,47,13616,0,130262220,0,"10,45276213"
Mexico,2016-11-28,2016-12-04,7,48,13678,0,130262220,0,"10,50035843"
Mexico,2016-12-05,2016-12-11,7,49,13396,0,130262220,0,"10,28387202"
Mexico,2016-12-12,2016-12-18,7,50,13697,0,130262220,0,"10,51494439"
Mexico,2016-12-19,2016-12-25,7,51,13784,0,130262220,0,"10,58173275"
Mexico,2016-12-26,2017-01-01,7,52,14313,0,130262220,0,"10,98783669"
Mexico,2017-01-02,2017-01-08,7,1,14312,0,130262220,0,"10,98706901"
Mexico,2017-01-09,2017-01-15,7,2,14583,0,130262220,0,"11,19511091"
Mexico,2017-01-16,2017-01-22,7,3,14163,0,130262220,0,"10,87268434"
Mexico,2017-01-23,2017-01-29,7,4,14118,0,130262220,0,"10,83813864"
Mexico,2017-01-30,2017-02-05,7,5,14444,0,130262220,0,"11,08840307"
Mexico,2017-02-06,2017-02-12,7,6,14330,0,130262220,0,"11,00088729"
Mexico,2017-02-13,2017-02-19,7,7,14165,0,130262220,0,"10,87421971"
Mexico,2017-02-20,2017-02-26,7,8,14278,0,130262220,0,"10,96096781"
Mexico,2017-02-27,2017-03-05,7,9,14456,0,130262220,0,"11,09761526"
Mexico,2017-03-06,2017-03-12,7,10,13844,0,130262220,0,"10,62779369"
Mexico,2017-03-13,2017-03-19,7,11,13948,0,130262220,0,"10,70763265"
Mexico,2017-03-20,2017-03-26,7,12,13878,0,130262220,0,"10,65389489"
Mexico,2017-03-27,2017-04-02,7,13,13307,0,130262220,0,"10,2155483"
Mexico,2017-04-03,2017-04-09,7,14,13470,0,130262220,0,"10,34068051"
Mexico,2017-04-10,2017-04-16,7,15,13210,0,130262220,0,"10,14108312"
Mexico,2017-04-17,2017-04-23,7,16,13212,0,130262220,0,"10,14261848"
Mexico,2017-04-24,2017-04-30,7,17,13363,0,130262220,0,"10,25853851"
Mexico,2017-05-01,2017-05-07,7,18,13016,0,130262220,0,"9,992152752"
Mexico,2017-05-08,2017-05-14,7,19,12868,0,130262220,0,"9,878535772"
Mexico,2017-05-15,2017-05-21,7,20,13361,0,130262220,0,"10,25700314"
Mexico,2017-05-22,2017-05-28,7,21,13165,0,130262220,0,"10,10653741"
Mexico,2017-05-29,2017-06-04,7,22,12510,0,130262220,0,"9,60370551"
Mexico,2017-06-05,2017-06-11,7,23,12753,0,130262220,0,"9,790252308"
Mexico,2017-06-12,2017-06-18,7,24,12724,0,130262220,0,"9,767989521"
Mexico,2017-06-19,2017-06-25,7,25,13154,0,130262220,0,"10,09809291"
Mexico,2017-06-26,2017-07-02,7,26,12736,0,130262220,0,"9,777201709"
Mexico,2017-07-03,2017-07-09,7,27,12502,0,130262220,0,"9,597564052"
Mexico,2017-07-10,2017-07-16,7,28,12822,0,130262220,0,"9,843222386"
Mexico,2017-07-17,2017-07-23,7,29,12512,0,130262220,0,"9,605240875"
Mexico,2017-07-24,2017-07-30,7,30,12923,0,130262220,0,"9,920758298"
Mexico,2017-07-31,2017-08-06,7,31,12967,0,130262220,0,"9,954536319"
Mexico,2017-08-07,2017-08-13,7,32,12464,0,130262220,0,"9,568392125"
Mexico,2017-08-14,2017-08-20,7,33,12638,0,130262220,0,"9,701968844"
Mexico,2017-08-21,2017-08-27,7,34,12432,0,130262220,0,"9,543826291"
Mexico,2017-08-28,2017-09-03,7,35,12172,0,130262220,0,"9,344228895"
Mexico,2017-09-04,2017-09-10,7,36,12933,0,130262220,0,"9,928435121"
Mexico,2017-09-11,2017-09-17,7,37,13333,0,130262220,0,"10,23550804"
Mexico,2017-09-18,2017-09-24,7,38,13164,0,130262220,0,"10,10576973"
Mexico,2017-09-25,2017-10-01,7,39,12604,0,130262220,0,"9,675867646"
Mexico,2017-10-02,2017-10-08,7,40,13026,0,130262220,0,"9,999829575"
Mexico,2017-10-09,2017-10-15,7,41,13031,0,130262220,0,"10,00366799"
Mexico,2017-10-16,2017-10-22,7,42,13390,0,130262220,0,"10,27926593"
Mexico,2017-10-23,2017-10-29,7,43,13216,0,130262220,0,"10,14568921"
Mexico,2017-10-30,2017-11-05,7,44,13538,0,130262220,0,"10,39288291"
Mexico,2017-11-06,2017-11-12,7,45,13258,0,130262220,0,"10,17793187"
Mexico,2017-11-13,2017-11-19,7,46,13197,0,130262220,0,"10,13110325"
Mexico,2017-11-20,2017-11-26,7,47,13584,0,130262220,0,"10,4281963"
Mexico,2017-11-27,2017-12-03,7,48,14233,0,130262220,0,"10,9264221"
Mexico,2017-12-04,2017-12-10,7,49,14470,0,130262220,0,"11,10836281"
Mexico,2017-12-11,2017-12-17,7,50,16334,0,130262220,0,"12,53932261"
Mexico,2017-12-18,2017-12-24,7,51,15557,0,130262220,0,"11,94283346"
Mexico,2017-12-25,2017-12-31,7,52,15492,0,130262220,0,"11,89293411"
Mexico,2018-01-01,2018-01-07,7,1,16721,0,130262220,0,"12,83641565"
Mexico,2018-01-08,2018-01-14,7,2,16170,0,130262220,0,"12,41342271"
Mexico,2018-01-15,2018-01-21,7,3,16738,0,130262220,0,"12,84946625"
Mexico,2018-01-22,2018-01-28,7,4,16041,0,130262220,0,"12,31439169"
Mexico,2018-01-29,2018-02-04,7,5,15770,0,130262220,0,"12,10634979"
Mexico,2018-02-05,2018-02-11,7,6,15306,0,130262220,0,"11,75014521"
Mexico,2018-02-12,2018-02-18,7,7,14588,0,130262220,0,"11,19894932"
Mexico,2018-02-19,2018-02-25,7,8,14199,0,130262220,0,"10,90032091"
Mexico,2018-02-26,2018-03-04,7,9,14001,0,130262220,0,"10,74831981"
Mexico,2018-03-05,2018-03-11,7,10,13552,0,130262220,0,"10,40363046"
Mexico,2018-03-12,2018-03-18,7,11,13497,0,130262220,0,"10,36140794"
Mexico,2018-03-19,2018-03-25,7,12,13254,0,130262220,0,"10,17486114"
Mexico,2018-03-26,2018-04-01,7,13,13191,0,130262220,0,"10,12649715"
Mexico,2018-04-02,2018-04-08,7,14,13577,0,130262220,0,"10,42282252"
Mexico,2018-04-09,2018-04-15,7,15,12888,0,130262220,0,"9,893889418"
Mexico,2018-04-16,2018-04-22,7,16,13080,0,130262220,0,"10,04128442"
Mexico,2018-04-23,2018-04-29,7,17,12657,0,130262220,0,"9,716554808"
Mexico,2018-04-30,2018-05-06,7,18,13040,0,130262220,0,"10,01057713"
Mexico,2018-05-07,2018-05-13,7,19,12784,0,130262220,0,"9,814050459"
Mexico,2018-05-14,2018-05-20,7,20,13172,0,130262220,0,"10,11191119"
Mexico,2018-05-21,2018-05-27,7,21,13125,0,130262220,0,"10,07583012"
Mexico,2018-05-28,2018-06-03,7,22,13567,0,130262220,0,"10,4151457"
Mexico,2018-06-04,2018-06-10,7,23,13025,0,130262220,0,"9,999061892"
Mexico,2018-06-11,2018-06-17,7,24,12451,0,130262220,0,"9,558412255"
Mexico,2018-06-18,2018-06-24,7,25,12932,0,130262220,0,"9,927667439"
Mexico,2018-06-25,2018-07-01,7,26,12610,0,130262220,0,"9,68047374"
Mexico,2018-07-02,2018-07-08,7,27,12845,0,130262220,0,"9,860879079"
Mexico,2018-07-09,2018-07-15,7,28,13114,0,130262220,0,"10,06738562"
Mexico,2018-07-16,2018-07-22,7,29,13334,0,130262220,0,"10,23627572"
Mexico,2018-07-23,2018-07-29,7,30,13455,0,130262220,0,"10,32916528"
Mexico,2018-07-30,2018-08-05,7,31,12997,0,130262220,0,"9,977566788"
Mexico,2018-08-06,2018-08-12,7,32,12602,0,130262220,0,"9,674332281"
Mexico,2018-08-13,2018-08-19,7,33,12767,0,130262220,0,"9,80099986"
Mexico,2018-08-20,2018-08-26,7,34,12503,0,130262220,0,"9,598331734"
Mexico,2018-08-27,2018-09-02,7,35,12811,0,130262220,0,"9,834777881"
Mexico,2018-09-03,2018-09-09,7,36,12556,0,130262220,0,"9,639018896"
Mexico,2018-09-10,2018-09-16,7,37,12780,0,130262220,0,"9,81097973"
Mexico,2018-09-17,2018-09-23,7,38,12994,0,130262220,0,"9,975263741"
Mexico,2018-09-24,2018-09-30,7,39,12807,0,130262220,0,"9,831707152"
Mexico,2018-10-01,2018-10-07,7,40,12931,0,130262220,0,"9,926899757"
Mexico,2018-10-08,2018-10-14,7,41,13232,0,130262220,0,"10,15797213"
Mexico,2018-10-15,2018-10-21,7,42,13115,0,130262220,0,"10,0681533"
Mexico,2018-10-22,2018-10-28,7,43,13435,0,130262220,0,"10,31381163"
Mexico,2018-10-29,2018-11-04,7,44,13772,0,130262220,0,"10,57252057"
Mexico,2018-11-05,2018-11-11,7,45,13897,0,130262220,0,"10,66848085"
Mexico,2018-11-12,2018-11-18,7,46,14612,0,130262220,0,"11,21737369"
Mexico,2018-11-19,2018-11-25,7,47,15202,0,130262220,0,"11,67030625"
Mexico,2018-11-26,2018-12-02,7,48,14647,0,130262220,0,"11,24424257"
Mexico,2018-12-03,2018-12-09,7,49,14833,0,130262220,0,"11,38703148"
Mexico,2018-12-10,2018-12-16,7,50,15216,0,130262220,0,"11,6810538"
Mexico,2018-12-17,2018-12-23,7,51,16440,0,130262220,0,"12,62069693"
Mexico,2018-12-24,2018-12-30,7,52,17373,0,130262220,0,"13,33694451"
Mexico,2018-12-31,2019-01-06,7,1,17723,0,130262220,0,"13,60563331"
Mexico,2019-01-07,2019-01-13,7,2,16602,0,130262220,0,"12,74506146"
Mexico,2019-01-14,2019-01-20,7,3,16252,0,130262220,0,"12,47637266"
Mexico,2019-01-21,2019-01-27,7,4,15864,0,130262220,0,"12,17851193"
Mexico,2019-01-28,2019-02-03,7,5,15862,0,130262220,0,"12,17697656"
Mexico,2019-02-04,2019-02-10,7,6,15689,0,130262220,0,"12,04416753"
Mexico,2019-02-11,2019-02-17,7,7,15445,0,130262220,0,"11,85685305"
Mexico,2019-02-18,2019-02-24,7,8,14755,0,130262220,0,"11,32715226"
Mexico,2019-02-25,2019-03-03,7,9,14639,0,130262220,0,"11,23810112"
Mexico,2019-03-04,2019-03-10,7,10,14391,0,130262220,0,"11,04771591"
Mexico,2019-03-11,2019-03-17,7,11,13749,0,130262220,0,"10,55486387"
Mexico,2019-03-18,2019-03-24,7,12,13660,0,130262220,0,"10,48654015"
Mexico,2019-03-25,2019-03-31,7,13,13903,0,130262220,0,"10,67308695"
Mexico,2019-04-01,2019-04-07,7,14,14049,0,130262220,0,"10,78516856"
Mexico,2019-04-08,2019-04-14,7,15,13718,0,130262220,0,"10,53106572"
Mexico,2019-04-15,2019-04-21,7,16,13743,0,130262220,0,"10,55025778"
Mexico,2019-04-22,2019-04-28,7,17,13718,0,130262220,0,"10,53106572"
Mexico,2019-04-29,2019-05-05,7,18,13698,0,130262220,0,"10,51571208"
Mexico,2019-05-06,2019-05-12,7,19,13792,0,130262220,0,"10,58787421"
Mexico,2019-05-13,2019-05-19,7,20,13590,0,130262220,0,"10,43280239"
Mexico,2019-05-20,2019-05-26,7,21,14160,0,130262220,0,"10,8703813"
Mexico,2019-05-27,2019-06-02,7,22,13438,0,130262220,0,"10,31611468"
Mexico,2019-06-03,2019-06-09,7,23,13382,0,130262220,0,"10,27312447"
Mexico,2019-06-10,2019-06-16,7,24,13398,0,130262220,0,"10,28540739"
Mexico,2019-06-17,2019-06-23,7,25,13562,0,130262220,0,"10,41130728"
Mexico,2019-06-24,2019-06-30,7,26,13111,0,130262220,0,"10,06508257"
Mexico,2019-07-01,2019-07-07,7,27,13496,0,130262220,0,"10,36064025"
Mexico,2019-07-08,2019-07-14,7,28,13146,0,130262220,0,"10,09195145"
Mexico,2019-07-15,2019-07-21,7,29,13276,0,130262220,0,"10,19175015"
Mexico,2019-07-22,2019-07-28,7,30,13256,0,130262220,0,"10,1763965"
Mexico,2019-07-29,2019-08-04,7,31,13596,0,130262220,0,"10,43740848"
Mexico,2019-08-05,2019-08-11,7,32,13242,0,130262220,0,"10,16564895"
Mexico,2019-08-12,2019-08-18,7,33,13610,0,130262220,0,"10,44815603"
Mexico,2019-08-19,2019-08-25,7,34,13293,0,130262220,0,"10,20480075"
Mexico,2019-08-26,2019-09-01,7,35,13023,0,130262220,0,"9,997526528"
Mexico,2019-09-02,2019-09-08,7,36,12986,0,130262220,0,"9,969122283"
Mexico,2019-09-09,2019-09-15,7,37,12943,0,130262220,0,"9,936111944"
Mexico,2019-09-16,2019-09-22,7,38,13838,0,130262220,0,"10,6231876"
Mexico,2019-09-23,2019-09-29,7,39,13521,0,130262220,0,"10,37983231"
Mexico,2019-09-30,2019-10-06,7,40,13433,0,130262220,0,"10,31227627"
Mexico,2019-10-07,2019-10-13,7,41,13438,0,130262220,0,"10,31611468"
Mexico,2019-10-14,2019-10-20,7,42,13736,0,130262220,0,"10,544884"
Mexico,2019-10-21,2019-10-27,7,43,13611,0,130262220,0,"10,44892372"
Mexico,2019-10-28,2019-11-03,7,44,13959,0,130262220,0,"10,71607716"
Mexico,2019-11-04,2019-11-10,7,45,14035,0,130262220,0,"10,77442101"
Mexico,2019-11-11,2019-11-17,7,46,14238,0,130262220,0,"10,93026052"
Mexico,2019-11-18,2019-11-24,7,47,14855,0,130262220,0,"11,40392049"
Mexico,2019-11-25,2019-12-01,7,48,13793,0,130262220,0,"10,58864189"
Mexico,2019-12-02,2019-12-08,7,49,13894,0,130262220,0,"10,66617781"
Mexico,2019-12-09,2019-12-15,7,50,13926,0,130262220,0,"10,69074364"
Mexico,2019-12-16,2019-12-22,7,51,13545,0,130262220,0,"10,39825669"
Mexico,2019-12-23,2019-12-29,7,52,15621,0,130262220,0,"11,99196513"
Mexico,2019-12-30,2020-01-05,7,1,16518,0,130262220,0,"12,68057615"
Mexico,2020-01-06,2020-01-12,7,2,16736,0,130262220,0,"12,84793089"
Mexico,2020-01-13,2020-01-19,7,3,16195,0,130262220,0,"12,43261477"
Mexico,2020-01-20,2020-01-26,7,4,15601,0,130262220,0,"11,97661148"
Mexico,2020-01-27,2020-02-02,7,5,15217,0,130262220,0,"11,68182148"
Mexico,2020-02-03,2020-02-09,7,6,15711,0,130262220,0,"12,06105654"
Mexico,2020-02-10,2020-02-16,7,7,14875,0,130262220,0,"11,41927414"
Mexico,2020-02-17,2020-02-23,7,8,14501,0,130262220,0,"11,13216096"
Mexico,2020-02-24,2020-03-01,7,9,13916,0,130262220,0,"10,68306682"
Mexico,2020-03-02,2020-03-08,7,10,14017,0,130262220,0,"10,76060273"
Mexico,2020-03-09,2020-03-15,7,11,13857,0,130262220,0,"10,63777356"
Mexico,2020-03-16,2020-03-22,7,12,13187,3,130262220,"0,002303046885","10,12342642"
Mexico,2020-03-23,2020-03-29,7,13,13698,17,130262220,"0,01305059901","10,51571208"
Mexico,2020-03-30,2020-04-05,7,14,13533,74,130262220,"0,05680848983","10,3890445"
Mexico,2020-04-06,2020-04-12,7,15,14030,202,130262220,"0,1550718236","10,7705826"
Mexico,2020-04-13,2020-04-19,7,16,14993,390,130262220,"0,299396095","11,50986065"
Mexico,2020-04-20,2020-04-26,7,17,17068,665,130262220,"0,5105087262","13,10280141"
Mexico,2020-04-27,2020-05-03,7,18,18811,803,130262220,"0,6164488829","14,44087165"
Mexico,2020-05-04,2020-05-10,7,19,20622,1311,130262220,"1,006431489","15,83114429"
Mexico,2020-05-11,2020-05-17,7,20,22313,1712,130262220,"1,314272089","17,12929505"
Mexico,2020-05-18,2020-05-24,7,21,23231,2217,130262220,"1,701951648","17,83402739"
Mexico,2020-05-25,2020-05-31,7,22,23167,2536,130262220,"1,9468423","17,78489573"
Mexico,2020-06-01,2020-06-07,7,23,24121,3769,130262220,"2,89339457","18,51726464"
Mexico,2020-06-08,2020-06-14,7,24,24719,3442,130262220,"2,642362459","18,97633865"
Mexico,2020-06-15,2020-06-21,7,25,24945,4684,130262220,"3,59582387","19,14983485"
Mexico,2020-06-22,2020-06-28,7,26,24718,4823,130262220,"3,702531709","18,97557097"
Mexico,2020-06-29,2020-07-05,7,27,25495,3991,130262220,"3,063820039","19,57206011"
Mexico,2020-07-06,2020-07-12,7,28,26446,4367,130262220,"3,352468582","20,30212597"
Mexico,2020-07-13,2020-07-19,7,29,26446,4178,130262220,"3,207376628","20,30212597"
Mexico,2020-07-20,2020-07-26,7,30,25733,4496,130262220,"3,451499598","19,7547685"
Mexico,2020-07-27,2020-08-02,7,31,24795,4066,130262220,"3,121396211","19,0346825"
Mexico,2020-08-03,2020-08-09,7,32,23817,4552,130262220,"3,494489807","18,28388922"
Mexico,2020-08-10,2020-08-16,7,33,22666,4459,130262220,"3,423095353","17,4002869"
Mexico,2020-08-17,2020-08-23,7,34,21725,3723,130262220,"2,858081184","16,67789786"
Mexico,2020-08-24,2020-08-30,7,35,20837,3678,130262220,"2,823535481","15,99619598"
Mexico,2020-08-31,2020-09-06,7,36,20156,3400,130262220,"2,610119803","15,47340434"
Mexico,2020-09-07,2020-09-13,7,37,19490,3263,130262220,"2,504947329","14,96212793"
Mexico,2020-09-14,2020-09-20,7,38,18805,2672,130262220,"2,051247092","14,43626556"
Mexico,2020-09-21,2020-09-27,7,39,18933,2937,130262220,"2,2546829","14,53452889"
Mexico,2020-09-28,2020-10-04,7,40,18484,2658,130262220,"2,04049954","14,18983954"
Mexico,2020-10-05,2020-10-11,7,41,18834,4693,130262220,"3,60273301","14,45852834"
Mexico,2020-10-12,2020-10-18,7,42,18815,2386,130262220,"1,831689956","14,44394238"
Mexico,2020-10-19,2020-10-25,7,43,19567,2757,130262220,"2,116500087","15,02123947"
Mexico,2020-10-26,2020-11-01,7,44,20224,2971,130262220,"2,280784098","15,52560673"
Mexico,2020-11-02,2020-11-08,7,45,21326,3132,130262220,"2,404380948","16,37159262"
Mexico,2020-11-09,2020-11-15,7,46,21619,3515,130262220,"2,698403267","16,59652354"
Mexico,2020-11-16,2020-11-22,7,47,22294,3134,130262220,"2,405916312","17,11470908"
Mexico,2020-11-23,2020-11-29,7,48,22534,3979,130262220,"3,054607852","17,29895284"
Mexico,2020-11-30,2020-12-06,7,49,23495,4062,130262220,"3,118325482","18,03669552"
Mexico,2020-12-07,2020-12-13,7,50,25342,4236,130262220,"3,251902202","19,45460472"
Mexico,2020-12-14,2020-12-20,7,51,26560,4249,130262220,"3,261882071","20,38964175"
Mexico,2020-12-21,2020-12-27,7,52,29609,4224,130262220,"3,242690014","22,73030507"
Mexico,2020-12-28,2021-01-03,7,53,32637,4787,130262220,"3,674895146","25,05484706"
Mexico,2021-01-04,2021-01-10,7,1,36287,6493,130262220,"4,984561141","27,85688744"
Mexico,2021-01-11,2021-01-17,7,2,43427,6998,130262220,"5,3722407","33,33813902"
Mexico,2021-01-18,2021-01-24,7,3,44667,8910,130262220,"6,840049248","34,29006507"
Mexico,2021-01-25,2021-01-31,7,4,36617,8922,130262220,"6,849261436","28,1102226"
Mexico,2021-02-01,2021-02-07,7,5,31825,7664,130262220,"5,883517109","24,43148904"
Mexico,2021-02-08,2021-02-14,7,6,26858,8007,130262220,"6,146832136","20,61841108"
Mexico,2021-02-15,2021-02-21,7,7,25330,5900,130262220,"4,52932554","19,44539253"
Mexico,2021-02-22,2021-02-28,7,8,24010,5608,130262220,"4,30516231","18,4320519"
Mexico,2021-03-01,2021-03-07,7,9,20488,4889,130262220,"3,75319874","15,72827486"
Mexico,2021-03-08,2021-03-14,7,10,19752,4106,130262220,"3,152103503","15,16326069"
Mexico,2021-03-15,2021-03-21,7,11,18508,3326,130262220,"2,553311313","14,20826392"
Mexico,2021-03-22,2021-03-28,7,12,17801,3587,130262220,"2,753676392","13,66551253"
Mexico,2021-03-29,2021-04-04,7,13,16992,2524,130262220,"1,937630113","13,04445756"
Mexico,2021-04-05,2021-04-11,7,14,17364,5191,130262220,"3,985038793","13,33003537"
Mexico,2021-04-12,2021-04-18,7,15,16927,3001,130262220,"2,303814567","12,99455821"
Mexico,2021-04-19,2021-04-25,7,16,16037,2608,130262220,"2,002115425","12,31132096"
Mexico,2021-04-26,2021-05-02,7,17,15511,2286,130262220,"1,754921726","11,90752008"
Mexico,2021-05-03,2021-05-09,7,18,15125,1752,130262220,"1,344979381","11,61119471"
Mexico,2021-05-10,2021-05-16,7,19,14734,1452,130262220,"1,114674692","11,31103093"
Mexico,2021-05-17,2021-05-23,7,20,14264,1210,130262220,"0,9288955769","10,95022026"
Mexico,2021-05-24,2021-05-30,7,21,14358,1860,130262220,"1,427889069","11,02238239"
Mexico,2021-05-31,2021-06-06,7,22,13943,1025,130262220,"0,7868743524","10,70379424"
Mexico,2021-06-07,2021-06-13,7,23,14140,1346,130262220,"1,033300369","10,85502765"
Mexico,2021-06-14,2021-06-20,7,24,14261,1037,130262220,"0,7960865399","10,94791721"
Mexico,2021-06-21,2021-06-27,7,25,14323,1377,130262220,"1,05709852","10,99551351"
Mexico,2021-06-28,2021-07-04,7,26,14582,1058,130262220,"0,8122078681","11,19434323"
Mexico,2021-07-05,2021-07-11,7,27,15444,1347,130262220,"1,034068051","11,85608536"
Mexico,2021-07-12,2021-07-18,7,28,16410,1362,130262220,"1,045583286","12,59766646"
Mexico,2021-07-19,2021-07-25,7,29,18342,2093,130262220,"1,606759043","14,08082865"
Mexico,2021-07-26,2021-08-01,7,30,20721,2610,130262220,"2,00365079","15,90714483"
Mexico,2021-08-02,2021-08-08,7,31,23457,3386,130262220,"2,599372251","18,00752359"
Mexico,2021-08-09,2021-08-15,7,32,25423,3747,130262220,"2,876505559","19,51678699"
Mexico,2021-08-16,2021-08-22,7,33,26786,4988,130262220,"3,829199287","20,56313795"
Mexico,2021-08-23,2021-08-29,7,34,25778,5010,130262220,"3,846088298","19,7893142"
Mexico,2021-08-30,2021-09-05,7,35,25052,4975,130262220,"3,819219418","19,23197685"
Mexico,2021-09-06,2021-09-12,7,36,23022,4608,130262220,"3,537480015","17,6735818"
Mexico,2021-09-13,2021-09-19,7,37,21506,3755,130262220,"2,882647018","16,50977544"
Mexico,2021-09-20,2021-09-26,7,38,19587,3947,130262220,"3,030042018","15,03659311"
Mexico,2021-09-27,2021-10-03,7,39,17718,3142,130262220,"2,412057771","13,6017949"
Mexico,2021-10-04,2021-10-10,7,40,15572,3494,33359415,"10,47380477","46,67947564"
Peru,2017-01-02,2017-01-08,7,1,1586,0,33359415,0,"4,754280014"
Peru,2017-01-09,2017-01-15,7,2,1672,0,33359415,0,"5,012078299"
Peru,2017-01-16,2017-01-22,7,3,1740,0,33359415,0,"5,215918804"
Peru,2017-01-23,2017-01-29,7,4,1760,0,33359415,0,"5,275871894"
Peru,2017-01-30,2017-02-05,7,5,1881,0,33359415,0,"5,638588087"
Peru,2017-02-06,2017-02-12,7,6,1682,0,33359415,0,"5,042054844"
Peru,2017-02-13,2017-02-19,7,7,1715,0,33359415,0,"5,140977442"
Peru,2017-02-20,2017-02-26,7,8,1933,0,33359415,0,"5,79446612"
Peru,2017-02-27,2017-03-05,7,9,2052,0,33359415,0,"6,151187004"
Peru,2017-03-06,2017-03-12,7,10,1839,0,33359415,0,"5,512686598"
Peru,2017-03-13,2017-03-19,7,11,1931,0,33359415,0,"5,788470811"
Peru,2017-03-20,2017-03-26,7,12,1911,0,33359415,0,"5,728517721"
Peru,2017-03-27,2017-04-02,7,13,1786,0,33359415,0,"5,353810911"
Peru,2017-04-03,2017-04-09,7,14,1765,0,33359415,0,"5,290860166"
Peru,2017-04-10,2017-04-16,7,15,1758,0,33359415,0,"5,269876585"
Peru,2017-04-17,2017-04-23,7,16,1804,0,33359415,0,"5,407768691"
Peru,2017-04-24,2017-04-30,7,17,1685,0,33359415,0,"5,051047808"
Peru,2017-05-01,2017-05-07,7,18,1780,0,33359415,0,"5,335824984"
Peru,2017-05-08,2017-05-14,7,19,1751,0,33359415,0,"5,248893004"
Peru,2017-05-15,2017-05-21,7,20,1813,0,33359415,0,"5,434747582"
Peru,2017-05-22,2017-05-28,7,21,1813,0,33359415,0,"5,434747582"
Peru,2017-05-29,2017-06-04,7,22,1782,0,33359415,0,"5,341820293"
Peru,2017-06-05,2017-06-11,7,23,1934,0,33359415,0,"5,797463774"
Peru,2017-06-12,2017-06-18,7,24,1839,0,33359415,0,"5,512686598"
Peru,2017-06-19,2017-06-25,7,25,1917,0,33359415,0,"5,746503648"
Peru,2017-06-26,2017-07-02,7,26,1965,0,33359415,0,"5,890391064"
Peru,2017-07-03,2017-07-09,7,27,2009,0,33359415,0,"6,022287861"
Peru,2017-07-10,2017-07-16,7,28,1923,0,33359415,0,"5,764489575"
Peru,2017-07-17,2017-07-23,7,29,1955,0,33359415,0,"5,860414519"
Peru,2017-07-24,2017-07-30,7,30,2004,0,33359415,0,"6,007299588"
Peru,2017-07-31,2017-08-06,7,31,1929,0,33359415,0,"5,782475502"
Peru,2017-08-07,2017-08-13,7,32,1962,0,33359415,0,"5,8813981"
Peru,2017-08-14,2017-08-20,7,33,1913,0,33359415,0,"5,73451303"
Peru,2017-08-21,2017-08-27,7,34,1969,0,33359415,0,"5,902381681"
Peru,2017-08-28,2017-09-03,7,35,1972,0,33359415,0,"5,911374645"
Peru,2017-09-04,2017-09-10,7,36,2027,0,33359415,0,"6,076245642"
Peru,2017-09-11,2017-09-17,7,37,2058,0,33359415,0,"6,169172931"
Peru,2017-09-18,2017-09-24,7,38,2014,0,33359415,0,"6,037276133"
Peru,2017-09-25,2017-10-01,7,39,2081,0,33359415,0,"6,238118984"
Peru,2017-10-02,2017-10-08,7,40,1969,0,33359415,0,"5,902381681"
Peru,2017-10-09,2017-10-15,7,41,2077,0,33359415,0,"6,226128366"
Peru,2017-10-16,2017-10-22,7,42,2070,0,33359415,0,"6,205144784"
Peru,2017-10-23,2017-10-29,7,43,2041,0,33359415,0,"6,118212804"
Peru,2017-10-30,2017-11-05,7,44,2029,0,33359415,0,"6,082240951"
Peru,2017-11-06,2017-11-12,7,45,1997,0,33359415,0,"5,986316007"
Peru,2017-11-13,2017-11-19,7,46,1892,0,33359415,0,"5,671562286"
Peru,2017-11-20,2017-11-26,7,47,2035,0,33359415,0,"6,100226877"
Peru,2017-11-27,2017-12-03,7,48,1951,0,33359415,0,"5,848423901"
Peru,2017-12-04,2017-12-10,7,49,1868,0,33359415,0,"5,599618578"
Peru,2017-12-11,2017-12-17,7,50,1968,0,33359415,0,"5,899384027"
Peru,2017-12-18,2017-12-24,7,51,1949,0,33359415,0,"5,842428592"
Peru,2017-12-25,2017-12-31,7,52,1948,0,33359415,0,"5,839430937"
Peru,2018-01-01,2018-01-07,7,1,1987,0,33359415,0,"5,956339462"
Peru,2018-01-08,2018-01-14,7,2,1980,0,33359415,0,"5,935355881"
Peru,2018-01-15,2018-01-21,7,3,1922,0,33359415,0,"5,761491921"
Peru,2018-01-22,2018-01-28,7,4,1953,0,33359415,0,"5,85441921"
Peru,2018-01-29,2018-02-04,7,5,1888,0,33359415,0,"5,659571668"
Peru,2018-02-05,2018-02-11,7,6,1914,0,33359415,0,"5,737510685"
Peru,2018-02-12,2018-02-18,7,7,2024,0,33359415,0,"6,067252678"
Peru,2018-02-19,2018-02-25,7,8,1948,0,33359415,0,"5,839430937"
Peru,2018-02-26,2018-03-04,7,9,1947,0,33359415,0,"5,836433283"
Peru,2018-03-05,2018-03-11,7,10,1893,0,33359415,0,"5,674559941"
Peru,2018-03-12,2018-03-18,7,11,1972,0,33359415,0,"5,911374645"
Peru,2018-03-19,2018-03-25,7,12,1970,0,33359415,0,"5,905379336"
Peru,2018-03-26,2018-04-01,7,13,1984,0,33359415,0,"5,947346499"
Peru,2018-04-02,2018-04-08,7,14,2100,0,33359415,0,"6,295074419"
Peru,2018-04-09,2018-04-15,7,15,1835,0,33359415,0,"5,50069598"
Peru,2018-04-16,2018-04-22,7,16,1985,0,33359415,0,"5,950344153"
Peru,2018-04-23,2018-04-29,7,17,1991,0,33359415,0,"5,96833008"
Peru,2018-04-30,2018-05-06,7,18,2129,0,33359415,0,"6,382006399"
Peru,2018-05-07,2018-05-13,7,19,2001,0,33359415,0,"5,998306625"
Peru,2018-05-14,2018-05-20,7,20,2118,0,33359415,0,"6,3490322"
Peru,2018-05-21,2018-05-27,7,21,2294,0,33359415,0,"6,876619389"
Peru,2018-05-28,2018-06-03,7,22,2288,0,33359415,0,"6,858633462"
Peru,2018-06-04,2018-06-10,7,23,2347,0,33359415,0,"7,035495077"
Peru,2018-06-11,2018-06-17,7,24,2442,0,33359415,0,"7,320272253"
Peru,2018-06-18,2018-06-24,7,25,2496,0,33359415,0,"7,482145595"
Peru,2018-06-25,2018-07-01,7,26,2454,0,33359415,0,"7,356244107"
Peru,2018-07-02,2018-07-08,7,27,2477,0,33359415,0,"7,42519016"
Peru,2018-07-09,2018-07-15,7,28,2320,0,33359415,0,"6,954558406"
Peru,2018-07-16,2018-07-22,7,29,2389,0,33359415,0,"7,161396565"
Peru,2018-07-23,2018-07-29,7,30,2377,0,33359415,0,"7,125424711"
Peru,2018-07-30,2018-08-05,7,31,2388,0,33359415,0,"7,158398911"
Peru,2018-08-06,2018-08-12,7,32,2373,0,33359415,0,"7,113434093"
Peru,2018-08-13,2018-08-19,7,33,2286,0,33359415,0,"6,852638153"
Peru,2018-08-20,2018-08-26,7,34,2217,0,33359415,0,"6,645799994"
Peru,2018-08-27,2018-09-02,7,35,2312,0,33359415,0,"6,93057717"
Peru,2018-09-03,2018-09-09,7,36,2288,0,33359415,0,"6,858633462"
Peru,2018-09-10,2018-09-16,7,37,2224,0,33359415,0,"6,666783575"
Peru,2018-09-17,2018-09-23,7,38,2259,0,33359415,0,"6,771701482"
Peru,2018-09-24,2018-09-30,7,39,2328,0,33359415,0,"6,978539642"
Peru,2018-10-01,2018-10-07,7,40,2244,0,33359415,0,"6,726736665"
Peru,2018-10-08,2018-10-14,7,41,2286,0,33359415,0,"6,852638153"
Peru,2018-10-15,2018-10-21,7,42,2296,0,33359415,0,"6,882614698"
Peru,2018-10-22,2018-10-28,7,43,2296,0,33359415,0,"6,882614698"
Peru,2018-10-29,2018-11-04,7,44,2243,0,33359415,0,"6,72373901"
Peru,2018-11-05,2018-11-11,7,45,2244,0,33359415,0,"6,726736665"
Peru,2018-11-12,2018-11-18,7,46,2059,0,33359415,0,"6,172170585"
Peru,2018-11-19,2018-11-25,7,47,2015,0,33359415,0,"6,040273788"
Peru,2018-11-26,2018-12-02,7,48,2029,0,33359415,0,"6,082240951"
Peru,2018-12-03,2018-12-09,7,49,2147,0,33359415,0,"6,43596418"
Peru,2018-12-10,2018-12-16,7,50,2169,0,33359415,0,"6,501912579"
Peru,2018-12-17,2018-12-23,7,51,2181,0,33359415,0,"6,537884432"
Peru,2018-12-24,2018-12-30,7,52,2204,0,33359415,0,"6,606830485"
Peru,2018-12-31,2019-01-06,7,1,2238,0,33359415,0,"6,708750738"
Peru,2019-01-07,2019-01-13,7,2,2126,0,33359415,0,"6,373013436"
Peru,2019-01-14,2019-01-20,7,3,2132,0,33359415,0,"6,390999363"
Peru,2019-01-21,2019-01-27,7,4,2126,0,33359415,0,"6,373013436"
Peru,2019-01-28,2019-02-03,7,5,2345,0,33359415,0,"7,029499768"
Peru,2019-02-04,2019-02-10,7,6,2307,0,33359415,0,"6,915588897"
Peru,2019-02-11,2019-02-17,7,7,2251,0,33359415,0,"6,747720246"
Peru,2019-02-18,2019-02-24,7,8,2317,0,33359415,0,"6,945565442"
Peru,2019-02-25,2019-03-03,7,9,2372,0,33359415,0,"7,110436439"
Peru,2019-03-04,2019-03-10,7,10,2293,0,33359415,0,"6,873621735"
Peru,2019-03-11,2019-03-17,7,11,2252,0,33359415,0,"6,750717901"
Peru,2019-03-18,2019-03-24,7,12,2107,0,33359415,0,"6,316058"
Peru,2019-03-25,2019-03-31,7,13,2110,0,33359415,0,"6,325050964"
Peru,2019-04-01,2019-04-07,7,14,2039,0,33359415,0,"6,112217495"
Peru,2019-04-08,2019-04-14,7,15,2096,0,33359415,0,"6,283083801"
Peru,2019-04-15,2019-04-21,7,16,2139,0,33359415,0,"6,411982944"
Peru,2019-04-22,2019-04-28,7,17,2023,0,33359415,0,"6,064255024"
Peru,2019-04-29,2019-05-05,7,18,2042,0,33359415,0,"6,121210459"
Peru,2019-05-06,2019-05-12,7,19,1981,0,33359415,0,"5,938353535"
Peru,2019-05-13,2019-05-19,7,20,2021,0,33359415,0,"6,058259715"
Peru,2019-05-20,2019-05-26,7,21,1995,0,33359415,0,"5,980320698"
Peru,2019-05-27,2019-06-02,7,22,2080,0,33359415,0,"6,235121329"
Peru,2019-06-03,2019-06-09,7,23,2124,0,33359415,0,"6,367018127"
Peru,2019-06-10,2019-06-16,7,24,2169,0,33359415,0,"6,501912579"
Peru,2019-06-17,2019-06-23,7,25,2257,0,33359415,0,"6,765706173"
Peru,2019-06-24,2019-06-30,7,26,2182,0,33359415,0,"6,540882087"
Peru,2019-07-01,2019-07-07,7,27,2234,0,33359415,0,"6,69676012"
Peru,2019-07-08,2019-07-14,7,28,2182,0,33359415,0,"6,540882087"
Peru,2019-07-15,2019-07-21,7,29,2255,0,33359415,0,"6,759710864"
Peru,2019-07-22,2019-07-28,7,30,2265,0,33359415,0,"6,789687409"
Peru,2019-07-29,2019-08-04,7,31,2231,0,33359415,0,"6,687767157"
Peru,2019-08-05,2019-08-11,7,32,2356,0,33359415,0,"7,062473967"
Peru,2019-08-12,2019-08-18,7,33,2206,0,33359415,0,"6,612825794"
Peru,2019-08-19,2019-08-25,7,34,2183,0,33359415,0,"6,543879741"
Peru,2019-08-26,2019-09-01,7,35,2296,0,33359415,0,"6,882614698"
Peru,2019-09-02,2019-09-08,7,36,2189,0,33359415,0,"6,561865668"
Peru,2019-09-09,2019-09-15,7,37,2243,0,33359415,0,"6,72373901"
Peru,2019-09-16,2019-09-22,7,38,2367,0,33359415,0,"7,095448167"
Peru,2019-09-23,2019-09-29,7,39,2243,0,33359415,0,"6,72373901"
Peru,2019-09-30,2019-10-06,7,40,2242,0,33359415,0,"6,720741356"
Peru,2019-10-07,2019-10-13,7,41,2212,0,33359415,0,"6,630811721"
Peru,2019-10-14,2019-10-20,7,42,2333,0,33359415,0,"6,993527914"
Peru,2019-10-21,2019-10-27,7,43,2220,0,33359415,0,"6,654792957"
Peru,2019-10-28,2019-11-03,7,44,2343,0,33359415,0,"7,023504459"
Peru,2019-11-04,2019-11-10,7,45,2263,0,33359415,0,"6,7836921"
Peru,2019-11-11,2019-11-17,7,46,2222,0,33359415,0,"6,660788266"
Peru,2019-11-18,2019-11-24,7,47,2198,0,33359415,0,"6,588844559"
Peru,2019-11-25,2019-12-01,7,48,2197,0,33359415,0,"6,585846904"
Peru,2019-12-02,2019-12-08,7,49,2251,0,33359415,0,"6,747720246"
Peru,2019-12-09,2019-12-15,7,50,2207,0,33359415,0,"6,615823449"
Peru,2019-12-16,2019-12-22,7,51,2172,0,33359415,0,"6,510905542"
Peru,2019-12-23,2019-12-29,7,52,2325,0,33359415,0,"6,969546678"
Peru,2019-12-30,2020-01-05,7,1,2407,0,33359415,0,"7,215354346"
Peru,2020-01-06,2020-01-12,7,2,2428,0,33359415,0,"7,27830509"
Peru,2020-01-13,2020-01-19,7,3,2329,0,33359415,0,"6,981537296"
Peru,2020-01-20,2020-01-26,7,4,2358,0,33359415,0,"7,068469276"
Peru,2020-01-27,2020-02-02,7,5,2255,0,33359415,0,"6,759710864"
Peru,2020-02-03,2020-02-09,7,6,2330,0,33359415,0,"6,984534951"
Peru,2020-02-10,2020-02-16,7,7,2354,0,33359415,0,"7,056478658"
Peru,2020-02-17,2020-02-23,7,8,2346,0,33359415,0,"7,032497422"
Peru,2020-02-24,2020-03-01,7,9,2417,0,33359415,0,"7,245330891"
Peru,2020-03-02,2020-03-08,7,10,2409,2,33359415,"0,00599530897","7,221349655"
Peru,2020-03-09,2020-03-15,7,11,2469,3,33359415,"0,008992963456","7,401208924"
Peru,2020-03-16,2020-03-22,7,12,2185,29,33359415,"0,08693198007","6,54987505"
Peru,2020-03-23,2020-03-29,7,13,2150,61,33359415,"0,1828569236","6,444957143"
Peru,2020-03-30,2020-04-05,7,14,2390,222,33359415,"0,6654792957","7,16439422"
Peru,2020-04-06,2020-04-12,7,15,2514,529,33359415,"1,585759223","7,536103376"
Peru,2020-04-13,2020-04-19,7,16,3096,940,33359415,"2,817795216","9,280738286"
Peru,2020-04-20,2020-04-26,7,17,3881,1702,33359415,"5,102007934","11,63389706"
Peru,2020-04-27,2020-05-03,7,18,4752,2516,33359415,"7,542098685","14,24485411"
Peru,2020-05-04,2020-05-10,7,19,5451,3254,33359415,"9,754367695","16,3402146"
Peru,2020-05-11,2020-05-17,7,20,5967,3577,33359415,"10,72261009","17,88700431"
Peru,2020-05-18,2020-05-24,7,21,6347,3809,33359415,"11,41806593","19,02611302"
Peru,2020-05-25,2020-05-31,7,22,6554,4066,33359415,"12,18846314","19,6466275"
Peru,2020-06-01,2020-06-07,7,23,6647,4124,33359415,"12,3623271","19,92540936"
Peru,2020-06-08,2020-06-14,7,24,6725,4176,33359415,"12,51820513","20,15922641"
Peru,2020-06-15,2020-06-21,7,25,6593,4330,33359415,"12,97984392","19,76353602"
Peru,2020-06-22,2020-06-28,7,26,6159,3530,33359415,"10,58172033","18,46255397"
Peru,2020-06-29,2020-07-05,7,27,6237,3755,33359415,"11,25619259","18,69637102"
Peru,2020-07-06,2020-07-12,7,28,6493,3903,33359415,"11,69984546","19,46377057"
Peru,2020-07-13,2020-07-19,7,29,6763,4901,33359415,"14,69150463","20,27313728"
Peru,2020-07-20,2020-07-26,7,30,6778,3480,33359415,"10,43183761","20,3181021"
Peru,2020-07-27,2020-08-02,7,31,6918,4376,33359415,"13,11773603","20,73777373"
Peru,2020-08-03,2020-08-09,7,32,7120,4433,33359415,"13,28860233","21,34329993"
Peru,2020-08-10,2020-08-16,7,33,6717,4322,33359415,"12,95586269","20,13524518"
Peru,2020-08-17,2020-08-23,7,34,6128,3786,33359415,"11,34911988","18,36962669"
Peru,2020-08-24,2020-08-30,7,35,5578,3401,33359415,"10,1950229","16,72091672"
Peru,2020-08-31,2020-09-06,7,36,4730,2674,33359415,"8,015728094","14,17890572"
Peru,2020-09-07,2020-09-13,7,37,4275,2214,33359415,"6,63680703","12,81497292"
Peru,2020-09-14,2020-09-20,7,38,3885,1889,33359415,"5,662569323","11,64588768"
Peru,2020-09-21,2020-09-27,7,39,3483,1591,33359415,"4,769268286","10,44083057"
Peru,2020-09-28,2020-10-04,7,40,3235,1213,33359415,"3,636154891","9,69741226"
Peru,2020-10-05,2020-10-11,7,41,3147,1170,33359415,"3,507255748","9,433618665"
Peru,2020-10-12,2020-10-18,7,42,3001,978,33359415,"2,931706087","8,99596111"
Peru,2020-10-19,2020-10-25,7,43,2961,860,33359415,"2,577982857","8,876054931"
Peru,2020-10-26,2020-11-01,7,44,2794,772,33359415,"2,314189263","8,375446632"
Peru,2020-11-02,2020-11-08,7,45,2861,739,33359415,"2,215266665","8,576289482"
Peru,2020-11-09,2020-11-15,7,46,2850,730,33359415,"2,188287774","8,543315283"
Peru,2020-11-16,2020-11-22,7,47,2755,646,33359415,"1,936484797","8,258538107"
Peru,2020-11-23,2020-11-29,7,48,2635,661,33359415,"1,981449615","7,898819569"
Peru,2020-11-30,2020-12-06,7,49,2800,686,33359415,"2,056390977","8,393432559"
Peru,2020-12-07,2020-12-13,7,50,2964,747,33359415,"2,2392479","8,885047894"
Peru,2020-12-14,2020-12-20,7,51,3151,816,33359415,"2,44608606","9,445609283"
Peru,2020-12-21,2020-12-27,7,52,3253,880,33359415,"2,637935947","9,751370041"
Peru,2020-12-28,2021-01-03,7,53,3502,1082,33359415,"3,243462153","10,49778601"
Peru,2021-01-04,2021-01-10,7,1,3985,1401,33359415,"4,199713934","11,94565312"
Peru,2021-01-11,2021-01-17,7,2,4638,2027,33359415,"6,076245642","13,9031215"
Peru,2021-01-18,2021-01-24,7,3,5704,2907,33359415,"8,714181589","17,09862118"
Peru,2021-01-25,2021-01-31,7,4,6707,3900,33359415,"11,69085249","20,10526863"
Peru,2021-02-01,2021-02-07,7,5,7021,4052,33359415,"12,14649597","21,04653214"
Peru,2021-02-08,2021-02-14,7,6,7687,4761,33359415,"14,271833","23,04297003"
Peru,2021-02-15,2021-02-21,7,7,7711,5122,33359415,"15,35398627","23,11491374"
Peru,2021-02-22,2021-02-28,7,8,7393,4757,33359415,"14,25984239","22,16165961"
Peru,2021-03-01,2021-03-07,7,9,7500,4737,33359415,"14,1998893","22,48240864"
Peru,2021-03-08,2021-03-14,7,10,7379,4296,33359415,"12,87792367","22,11969245"
Peru,2021-03-15,2021-03-21,7,11,7427,4741,33359415,"14,21187991","22,26357986"
Peru,2021-03-22,2021-03-28,7,12,7570,4994,33359415,"14,9702865","22,69224445"
Peru,2021-03-29,2021-04-04,7,13,7900,5157,33359415,"15,45890418","23,68147043"
Peru,2021-04-05,2021-04-11,7,14,8468,5460,33359415,"16,36719349","25,38413818"
Peru,2021-04-12,2021-04-18,7,15,8426,5356,33359415,"16,05543742","25,25823669"
Peru,2021-04-19,2021-04-25,7,16,8246,5963,33359415,"17,8750137","24,71865889"
Peru,2021-04-26,2021-05-02,7,17,7695,4914,33359415,"14,73047414","23,06695126"
Peru,2021-05-03,2021-05-09,7,18,7171,4983,33359415,"14,9373123","21,49618031"
Peru,2021-05-10,2021-05-16,7,19,6533,4093,33359415,"12,26939981","19,58367675"
Peru,2021-05-17,2021-05-23,7,20,6053,3409,33359415,"10,21900414","18,1448026"
Peru,2021-05-24,2021-05-30,7,21,5629,2786,33359415,"8,351465396","16,8737971"
Peru,2021-05-31,2021-06-06,7,22,5291,2682,33359415,"8,039709329","15,86058988"
Peru,2021-06-07,2021-06-13,7,23,4726,2635,33359415,"7,898819569","14,1669151"
Peru,2021-06-14,2021-06-20,7,24,4333,1494,33359415,"4,478495801","12,98883688"
Peru,2021-06-21,2021-06-27,7,25,4024,1382,33359415,"4,142758499","12,06256165"
Peru,2021-06-28,2021-07-04,7,26,3816,1646,33359415,"4,934139283","11,43904952"
Peru,2021-07-05,2021-07-11,7,27,3599,1157,33359415,"3,468286239","10,78855849"
Peru,2021-07-12,2021-07-18,7,28,3333,759,33359415,"2,275219754","9,991182399"
Peru,2021-07-19,2021-07-25,7,29,3250,744,33359415,"2,230254937","9,742377077"
Peru,2021-07-26,2021-08-01,7,30,3164,548,33359415,"1,642714658","9,484578791"
Peru,2021-08-02,2021-08-08,7,31,3062,512,33359415,"1,534799096","9,178818034"
Peru,2021-08-09,2021-08-15,7,32,3112,443,33359415,"1,327960937","9,328700758"
Peru,2021-08-16,2021-08-22,7,33,2936,486,33359415,"1,45686008","8,801113569"
Peru,2021-08-23,2021-08-29,7,34,3107,236,33359415,"0,7074464585","9,313712486"
Peru,2021-08-30,2021-09-05,7,35,2983,373,33359415,"1,118125123","8,942003329"
Peru,2021-09-06,2021-09-12,7,36,2887,276,33359415,"0,8273526379","8,654228499"
Peru,2021-09-13,2021-09-19,7,37,2890,302,33359415,"0,9052916545","8,663221462"
Peru,2021-09-20,2021-09-26,7,38,2945,226,33359415,"0,6774699137","8,828092459"
Peru,2021-09-27,2021-10-03,7,39,2875,193,33359415,"0,5785473157","8,618256645"
Peru,2021-10-04,2021-10-10,7,40,2951,190,33359415,"0,5695543522","8,846078386"
Peru,2021-10-11,2021-10-17,7,41,2855,168,33359415,"0,5036059535","8,558303555"
Peru,2021-10-18,2021-10-24,7,42,2831,209,33359415,"0,6265097874","8,486359848"
Peru,2021-10-25,2021-10-31,7,43,2754,194,33359415,"0,5815449701","8,255540452"
Peru,2021-11-01,2021-11-07,7,44,2834,184,19212362,"0,9577167034","14,75091923"
Chile,2016-01-04,2016-01-10,7,1,1884,0,19212362,0,"9,806186246"
Chile,2016-01-11,2016-01-17,7,2,1885,0,19212362,0,"9,811391228"
Chile,2016-01-18,2016-01-24,7,3,1916,0,19212362,0,"9,972745673"
Chile,2016-01-25,2016-01-31,7,4,1837,0,19212362,0,"9,561552088"
Chile,2016-02-01,2016-02-07,7,5,1912,0,19212362,0,"9,951925744"
Chile,2016-02-08,2016-02-14,7,6,1718,0,19212362,0,"8,94215922"
Chile,2016-02-15,2016-02-21,7,7,1760,0,19212362,0,"9,160768468"
Chile,2016-02-22,2016-02-28,7,8,1813,0,19212362,0,"9,436632518"
Chile,2016-02-29,2016-03-06,7,9,1756,0,19212362,0,"9,139948539"
Chile,2016-03-07,2016-03-13,7,10,1753,0,19212362,0,"9,124333593"
Chile,2016-03-14,2016-03-20,7,11,1771,0,19212362,0,"9,218023271"
Chile,2016-03-21,2016-03-27,7,12,1758,0,19212362,0,"9,150358504"
Chile,2016-03-28,2016-04-03,7,13,1757,0,19212362,0,"9,145153521"
Chile,2016-04-04,2016-04-10,7,14,1789,0,19212362,0,"9,311712948"
Chile,2016-04-11,2016-04-17,7,15,1945,0,19212362,0,"10,12369015"
Chile,2016-04-18,2016-04-24,7,16,1889,0,19212362,0,"9,832211157"
Chile,2016-04-25,2016-05-01,7,17,2018,0,19212362,0,"10,50365385"
Chile,2016-05-02,2016-05-08,7,18,1882,0,19212362,0,"9,795776282"
Chile,2016-05-09,2016-05-15,7,19,1965,0,19212362,0,"10,22778979"
Chile,2016-05-16,2016-05-22,7,20,1953,0,19212362,0,"10,16533001"
Chile,2016-05-23,2016-05-29,7,21,2044,0,19212362,0,"10,63898338"
Chile,2016-05-30,2016-06-05,7,22,2021,0,19212362,0,"10,51926879"
Chile,2016-06-06,2016-06-12,7,23,2175,0,19212362,0,"11,32083603"
Chile,2016-06-13,2016-06-19,7,24,2161,0,19212362,0,"11,24796628"
Chile,2016-06-20,2016-06-26,7,25,2339,0,19212362,0,"12,17445309"
Chile,2016-06-27,2016-07-03,7,26,2375,0,19212362,0,"12,36183245"
Chile,2016-07-04,2016-07-10,7,27,2381,0,19212362,0,"12,39306234"
Chile,2016-07-11,2016-07-17,7,28,2483,0,19212362,0,"12,92397051"
Chile,2016-07-18,2016-07-24,7,29,2526,0,19212362,0,"13,14778474"
Chile,2016-07-25,2016-07-31,7,30,2301,0,19212362,0,"11,97666378"
Chile,2016-08-01,2016-08-07,7,31,2232,0,19212362,0,"11,61752001"
Chile,2016-08-08,2016-08-14,7,32,2201,0,19212362,0,"11,45616557"
Chile,2016-08-15,2016-08-21,7,33,2203,0,19212362,0,"11,46657553"
Chile,2016-08-22,2016-08-28,7,34,2144,0,19212362,0,"11,15948159"
Chile,2016-08-29,2016-09-04,7,35,2115,0,19212362,0,"11,00853711"
Chile,2016-09-05,2016-09-11,7,36,2328,0,19212362,0,"12,11719829"
Chile,2016-09-12,2016-09-18,7,37,2086,0,19212362,0,"10,85759263"
Chile,2016-09-19,2016-09-25,7,38,2156,0,19212362,0,"11,22194137"
Chile,2016-09-26,2016-10-02,7,39,2072,0,19212362,0,"10,78472288"
Chile,2016-10-03,2016-10-09,7,40,1968,0,19212362,0,"10,24340474"
Chile,2016-10-10,2016-10-16,7,41,1926,0,19212362,0,"10,02479549"
Chile,2016-10-17,2016-10-23,7,42,1891,0,19212362,0,"9,842621121"
Chile,2016-10-24,2016-10-30,7,43,1906,0,19212362,0,"9,920695852"
Chile,2016-10-31,2016-11-06,7,44,1954,0,19212362,0,"10,17053499"
Chile,2016-11-07,2016-11-13,7,45,1810,0,19212362,0,"9,421017572"
Chile,2016-11-14,2016-11-20,7,46,1808,0,19212362,0,"9,410607608"
Chile,2016-11-21,2016-11-27,7,47,1838,0,19212362,0,"9,56675707"
Chile,2016-11-28,2016-12-04,7,48,1829,0,19212362,0,"9,519912232"
Chile,2016-12-05,2016-12-11,7,49,1809,0,19212362,0,"9,41581259"
Chile,2016-12-12,2016-12-18,7,50,1863,0,19212362,0,"9,696881622"
Chile,2016-12-19,2016-12-25,7,51,1827,0,19212362,0,"9,509502267"
Chile,2016-12-26,2017-01-01,7,52,1642,0,19212362,0,"8,546580582"
Chile,2017-01-02,2017-01-08,7,1,1878,0,19212362,0,"9,774956354"
Chile,2017-01-09,2017-01-15,7,2,1868,0,19212362,0,"9,722906533"
Chile,2017-01-16,2017-01-22,7,3,2034,0,19212362,0,"10,58693356"
Chile,2017-01-23,2017-01-29,7,4,2082,0,19212362,0,"10,8367727"
Chile,2017-01-30,2017-02-05,7,5,1891,0,19212362,0,"9,842621121"
Chile,2017-02-06,2017-02-12,7,6,1788,0,19212362,0,"9,306507966"
Chile,2017-02-13,2017-02-19,7,7,1813,0,19212362,0,"9,436632518"
Chile,2017-02-20,2017-02-26,7,8,1969,0,19212362,0,"10,24860972"
Chile,2017-02-27,2017-03-05,7,9,1730,0,19212362,0,"9,004619005"
Chile,2017-03-06,2017-03-12,7,10,1739,0,19212362,0,"9,051463844"
Chile,2017-03-13,2017-03-19,7,11,1754,0,19212362,0,"9,129538575"
Chile,2017-03-20,2017-03-26,7,12,1770,0,19212362,0,"9,212818289"
Chile,2017-03-27,2017-04-02,7,13,1800,0,19212362,0,"9,368967751"
Chile,2017-04-03,2017-04-09,7,14,1895,0,19212362,0,"9,863441049"
Chile,2017-04-10,2017-04-16,7,15,1949,0,19212362,0,"10,14451008"
Chile,2017-04-17,2017-04-23,7,16,1847,0,19212362,0,"9,613601909"
Chile,2017-04-24,2017-04-30,7,17,1970,0,19212362,0,"10,25381471"
Chile,2017-05-01,2017-05-07,7,18,1964,0,19212362,0,"10,22258481"
Chile,2017-05-08,2017-05-14,7,19,1921,0,19212362,0,"9,998770583"
Chile,2017-05-15,2017-05-21,7,20,2025,0,19212362,0,"10,54008872"
Chile,2017-05-22,2017-05-28,7,21,2210,0,19212362,0,"11,50301041"
Chile,2017-05-29,2017-06-04,7,22,2334,0,19212362,0,"12,14842818"
Chile,2017-06-05,2017-06-11,7,23,2376,0,19212362,0,"12,36703743"
Chile,2017-06-12,2017-06-18,7,24,2640,0,19212362,0,"13,7411527"
Chile,2017-06-19,2017-06-25,7,25,2639,0,19212362,0,"13,73594772"
Chile,2017-06-26,2017-07-02,7,26,2525,0,19212362,0,"13,14257976"
Chile,2017-07-03,2017-07-09,7,27,2387,0,19212362,0,"12,42429223"
Chile,2017-07-10,2017-07-16,7,28,2308,0,19212362,0,"12,01309865"
Chile,2017-07-17,2017-07-23,7,29,2419,0,19212362,0,"12,59085166"
Chile,2017-07-24,2017-07-30,7,30,2339,0,19212362,0,"12,17445309"
Chile,2017-07-31,2017-08-06,7,31,2289,0,19212362,0,"11,91420399"
Chile,2017-08-07,2017-08-13,7,32,2197,0,19212362,0,"11,43534564"
Chile,2017-08-14,2017-08-20,7,33,2175,0,19212362,0,"11,32083603"
Chile,2017-08-21,2017-08-27,7,34,2121,0,19212362,0,"11,039767"
Chile,2017-08-28,2017-09-03,7,35,2146,0,19212362,0,"11,16989155"
Chile,2017-09-04,2017-09-10,7,36,2106,0,19212362,0,"10,96169227"
Chile,2017-09-11,2017-09-17,7,37,2181,0,19212362,0,"11,35206593"
Chile,2017-09-18,2017-09-24,7,38,2258,0,19212362,0,"11,75284955"
Chile,2017-09-25,2017-10-01,7,39,2102,0,19212362,0,"10,94087234"
Chile,2017-10-02,2017-10-08,7,40,2088,0,19212362,0,"10,86800259"
Chile,2017-10-09,2017-10-15,7,41,1987,0,19212362,0,"10,3422994"
Chile,2017-10-16,2017-10-22,7,42,1965,0,19212362,0,"10,22778979"
Chile,2017-10-23,2017-10-29,7,43,1871,0,19212362,0,"9,738521479"
Chile,2017-10-30,2017-11-05,7,44,1836,0,19212362,0,"9,556347106"
Chile,2017-11-06,2017-11-12,7,45,1977,0,19212362,0,"10,29024958"
Chile,2017-11-13,2017-11-19,7,46,1826,0,19212362,0,"9,504297285"
Chile,2017-11-20,2017-11-26,7,47,1936,0,19212362,0,"10,07684531"
Chile,2017-11-27,2017-12-03,7,48,1852,0,19212362,0,"9,639626819"
Chile,2017-12-04,2017-12-10,7,49,1862,0,19212362,0,"9,69167664"
Chile,2017-12-11,2017-12-17,7,50,1895,0,19212362,0,"9,863441049"
Chile,2017-12-18,2017-12-24,7,51,1804,0,19212362,0,"9,389787679"
Chile,2017-12-25,2017-12-31,7,52,1707,0,19212362,0,"8,884904417"
Chile,2018-01-01,2018-01-07,7,1,1946,0,19212362,0,"10,12889514"
Chile,2018-01-08,2018-01-14,7,2,1804,0,19212362,0,"9,389787679"
Chile,2018-01-15,2018-01-21,7,3,1804,0,19212362,0,"9,389787679"
Chile,2018-01-22,2018-01-28,7,4,1776,0,19212362,0,"9,244048181"
Chile,2018-01-29,2018-02-04,7,5,1895,0,19212362,0,"9,863441049"
Chile,2018-02-05,2018-02-11,7,6,1817,0,19212362,0,"9,457452447"
Chile,2018-02-12,2018-02-18,7,7,1885,0,19212362,0,"9,811391228"
Chile,2018-02-19,2018-02-25,7,8,1809,0,19212362,0,"9,41581259"
Chile,2018-02-26,2018-03-04,7,9,1782,0,19212362,0,"9,275278074"
Chile,2018-03-05,2018-03-11,7,10,1870,0,19212362,0,"9,733316497"
Chile,2018-03-12,2018-03-18,7,11,1789,0,19212362,0,"9,311712948"
Chile,2018-03-19,2018-03-25,7,12,1819,0,19212362,0,"9,467862411"
Chile,2018-03-26,2018-04-01,7,13,1961,0,19212362,0,"10,20696987"
Chile,2018-04-02,2018-04-08,7,14,1903,0,19212362,0,"9,905080906"
Chile,2018-04-09,2018-04-15,7,15,1939,0,19212362,0,"10,09246026"
Chile,2018-04-16,2018-04-22,7,16,1920,0,19212362,0,"9,993565601"
Chile,2018-04-23,2018-04-29,7,17,1917,0,19212362,0,"9,977950655"
Chile,2018-04-30,2018-05-06,7,18,1976,0,19212362,0,"10,2850446"
Chile,2018-05-07,2018-05-13,7,19,1864,0,19212362,0,"9,702086604"
Chile,2018-05-14,2018-05-20,7,20,2024,0,19212362,0,"10,53488374"
Chile,2018-05-21,2018-05-27,7,21,2088,0,19212362,0,"10,86800259"
Chile,2018-05-28,2018-06-03,7,22,2123,0,19212362,0,"11,05017696"
Chile,2018-06-04,2018-06-10,7,23,2368,0,19212362,0,"12,32539757"
Chile,2018-06-11,2018-06-17,7,24,2431,0,19212362,0,"12,65331145"
Chile,2018-06-18,2018-06-24,7,25,2247,0,19212362,0,"11,69559474"
Chile,2018-06-25,2018-07-01,7,26,2359,0,19212362,0,"12,27855274"
Chile,2018-07-02,2018-07-08,7,27,2334,0,19212362,0,"12,14842818"
Chile,2018-07-09,2018-07-15,7,28,2276,0,19212362,0,"11,84653922"
Chile,2018-07-16,2018-07-22,7,29,2334,0,19212362,0,"12,14842818"
Chile,2018-07-23,2018-07-29,7,30,2496,0,19212362,0,"12,99163528"
Chile,2018-07-30,2018-08-05,7,31,2514,0,19212362,0,"13,08532496"
Chile,2018-08-06,2018-08-12,7,32,2448,0,19212362,0,"12,74179614"
Chile,2018-08-13,2018-08-19,7,33,2306,0,19212362,0,"12,00268869"
Chile,2018-08-20,2018-08-26,7,34,2388,0,19212362,0,"12,42949722"
Chile,2018-08-27,2018-09-02,7,35,2178,0,19212362,0,"11,33645098"
Chile,2018-09-03,2018-09-09,7,36,2238,0,19212362,0,"11,6487499"
Chile,2018-09-10,2018-09-16,7,37,2140,0,19212362,0,"11,13866166"
Chile,2018-09-17,2018-09-23,7,38,2217,0,19212362,0,"11,53944528"
Chile,2018-09-24,2018-09-30,7,39,2046,0,19212362,0,"10,64939334"
Chile,2018-10-01,2018-10-07,7,40,2058,0,19212362,0,"10,71185313"
Chile,2018-10-08,2018-10-14,7,41,1986,0,19212362,0,"10,33709442"
Chile,2018-10-15,2018-10-21,7,42,2002,0,19212362,0,"10,42037413"
Chile,2018-10-22,2018-10-28,7,43,2030,0,19212362,0,"10,56611363"
Chile,2018-10-29,2018-11-04,7,44,1940,0,19212362,0,"10,09766524"
Chile,2018-11-05,2018-11-11,7,45,1960,0,19212362,0,"10,20176488"
Chile,2018-11-12,2018-11-18,7,46,1945,0,19212362,0,"10,12369015"
Chile,2018-11-19,2018-11-25,7,47,1992,0,19212362,0,"10,36832431"
Chile,2018-11-26,2018-12-02,7,48,1924,0,19212362,0,"10,01438553"
Chile,2018-12-03,2018-12-09,7,49,1852,0,19212362,0,"9,639626819"
Chile,2018-12-10,2018-12-16,7,50,1910,0,19212362,0,"9,94151578"
Chile,2018-12-17,2018-12-23,7,51,1941,0,19212362,0,"10,10287022"
Chile,2018-12-24,2018-12-30,7,52,1887,0,19212362,0,"9,821801192"
Chile,2018-12-31,2019-01-06,7,1,2020,0,19212362,0,"10,51406381"
Chile,2019-01-07,2019-01-13,7,2,1818,0,19212362,0,"9,462657429"
Chile,2019-01-14,2019-01-20,7,3,1819,0,19212362,0,"9,467862411"
Chile,2019-01-21,2019-01-27,7,4,1945,0,19212362,0,"10,12369015"
Chile,2019-01-28,2019-02-03,7,5,1961,0,19212362,0,"10,20696987"
Chile,2019-02-04,2019-02-10,7,6,2023,0,19212362,0,"10,52967876"
Chile,2019-02-11,2019-02-17,7,7,1875,0,19212362,0,"9,759341407"
Chile,2019-02-18,2019-02-24,7,8,1931,0,19212362,0,"10,0508204"
Chile,2019-02-25,2019-03-03,7,9,1862,0,19212362,0,"9,69167664"
Chile,2019-03-04,2019-03-10,7,10,1795,0,19212362,0,"9,342942841"
Chile,2019-03-11,2019-03-17,7,11,1867,0,19212362,0,"9,717701551"
Chile,2019-03-18,2019-03-24,7,12,1877,0,19212362,0,"9,769751372"
Chile,2019-03-25,2019-03-31,7,13,1848,0,19212362,0,"9,618806891"
Chile,2019-04-01,2019-04-07,7,14,1959,0,19212362,0,"10,1965599"
Chile,2019-04-08,2019-04-14,7,15,1973,0,19212362,0,"10,26942965"
Chile,2019-04-15,2019-04-21,7,16,1980,0,19212362,0,"10,30586453"
Chile,2019-04-22,2019-04-28,7,17,2033,0,19212362,0,"10,58172858"
Chile,2019-04-29,2019-05-05,7,18,2095,0,19212362,0,"10,90443747"
Chile,2019-05-06,2019-05-12,7,19,2072,0,19212362,0,"10,78472288"
Chile,2019-05-13,2019-05-19,7,20,2147,0,19212362,0,"11,17509653"
Chile,2019-05-20,2019-05-26,7,21,2364,0,19212362,0,"12,30457765"
Chile,2019-05-27,2019-06-02,7,22,2354,0,19212362,0,"12,25252783"
Chile,2019-06-03,2019-06-09,7,23,2324,0,19212362,0,"12,09637836"
Chile,2019-06-10,2019-06-16,7,24,2429,0,19212362,0,"12,64290148"
Chile,2019-06-17,2019-06-23,7,25,2477,0,19212362,0,"12,89274062"
Chile,2019-06-24,2019-06-30,7,26,2504,0,19212362,0,"13,03327514"
Chile,2019-07-01,2019-07-07,7,27,2458,0,19212362,0,"12,79384596"
Chile,2019-07-08,2019-07-14,7,28,2376,0,19212362,0,"12,36703743"
Chile,2019-07-15,2019-07-21,7,29,2420,0,19212362,0,"12,59605664"
Chile,2019-07-22,2019-07-28,7,30,2343,0,19212362,0,"12,19527302"
Chile,2019-07-29,2019-08-04,7,31,2341,0,19212362,0,"12,18486306"
Chile,2019-08-05,2019-08-11,7,32,2265,0,19212362,0,"11,78928442"
Chile,2019-08-12,2019-08-18,7,33,2296,0,19212362,0,"11,95063886"
Chile,2019-08-19,2019-08-25,7,34,2239,0,19212362,0,"11,65395489"
Chile,2019-08-26,2019-09-01,7,35,2181,0,19212362,0,"11,35206593"
Chile,2019-09-02,2019-09-08,7,36,2181,0,19212362,0,"11,35206593"
Chile,2019-09-09,2019-09-15,7,37,2210,0,19212362,0,"11,50301041"
Chile,2019-09-16,2019-09-22,7,38,2224,0,19212362,0,"11,57588015"
Chile,2019-09-23,2019-09-29,7,39,2270,0,19212362,0,"11,81530933"
Chile,2019-09-30,2019-10-06,7,40,2163,0,19212362,0,"11,25837625"
Chile,2019-10-07,2019-10-13,7,41,2123,0,19212362,0,"11,05017696"
Chile,2019-10-14,2019-10-20,7,42,2067,0,19212362,0,"10,75869797"
Chile,2019-10-21,2019-10-27,7,43,2025,0,19212362,0,"10,54008872"
Chile,2019-10-28,2019-11-03,7,44,2038,0,19212362,0,"10,60775349"
Chile,2019-11-04,2019-11-10,7,45,2039,0,19212362,0,"10,61295847"
Chile,2019-11-11,2019-11-17,7,46,2013,0,19212362,0,"10,47762893"
Chile,2019-11-18,2019-11-24,7,47,2003,0,19212362,0,"10,42557911"
Chile,2019-11-25,2019-12-01,7,48,1978,0,19212362,0,"10,29545456"
Chile,2019-12-02,2019-12-08,7,49,1878,0,19212362,0,"9,774956354"
Chile,2019-12-09,2019-12-15,7,50,1892,0,19212362,0,"9,847826103"
Chile,2019-12-16,2019-12-22,7,51,1963,0,19212362,0,"10,21737983"
Chile,2019-12-23,2019-12-29,7,52,2010,0,19212362,0,"10,46201399"
Chile,2019-12-30,2020-01-05,7,1,2108,0,19212362,0,"10,97210223"
Chile,2020-01-06,2020-01-12,7,2,2053,0,19212362,0,"10,68582822"
Chile,2020-01-13,2020-01-19,7,3,2057,0,19212362,0,"10,70664815"
Chile,2020-01-20,2020-01-26,7,4,1964,0,19212362,0,"10,22258481"
Chile,2020-01-27,2020-02-02,7,5,1970,0,19212362,0,"10,25381471"
Chile,2020-02-03,2020-02-09,7,6,1994,0,19212362,0,"10,37873428"
Chile,2020-02-10,2020-02-16,7,7,1909,0,19212362,0,"9,936310798"
Chile,2020-02-17,2020-02-23,7,8,1899,0,19212362,0,"9,884260977"
Chile,2020-02-24,2020-03-01,7,9,1884,0,19212362,0,"9,806186246"
Chile,2020-03-02,2020-03-08,7,10,1885,0,19212362,0,"9,811391228"
Chile,2020-03-09,2020-03-15,7,11,1928,0,19212362,0,"10,03520546"
Chile,2020-03-16,2020-03-22,7,12,2008,1,19212362,"0,005204982084","10,45160402"
Chile,2020-03-23,2020-03-29,7,13,2006,6,19212362,"0,0312298925","10,44119406"
Chile,2020-03-30,2020-04-05,7,14,2081,27,19212362,"0,1405345163","10,83156772"
Chile,2020-04-06,2020-04-12,7,15,2010,46,19212362,"0,2394291759","10,46201399"
Chile,2020-04-13,2020-04-19,7,16,2087,53,19212362,"0,2758640504","10,86279761"
Chile,2020-04-20,2020-04-26,7,17,2095,56,19212362,"0,2914789967","10,90443747"
Chile,2020-04-27,2020-05-03,7,18,2083,71,19212362,"0,369553728","10,84197768"
Chile,2020-05-04,2020-05-10,7,19,2342,52,19212362,"0,2706590684","12,19006804"
Chile,2020-05-11,2020-05-17,7,20,2438,138,19212362,"0,7182875276","12,68974632"
Chile,2020-05-18,2020-05-24,7,21,2933,268,19212362,"1,394935198","15,26621245"
Chile,2020-05-25,2020-05-31,7,22,3394,336,19212362,"1,74887398","17,66570919"
Chile,2020-06-01,2020-06-07,7,23,3899,583,19212362,"3,034504555","20,29422515"
Chile,2020-06-08,2020-06-14,7,24,3983,1686,19212362,"8,775599794","20,73144364"
Chile,2020-06-15,2020-06-21,7,25,3732,1156,19212362,"6,016959289","19,42499314"
Chile,2020-06-22,2020-06-28,7,26,3519,1030,19212362,"5,361131546","18,31633195"
Chile,2020-06-29,2020-07-05,7,27,3070,799,19212362,"4,158780685","15,979295"
Chile,2020-07-06,2020-07-12,7,28,2967,671,19212362,"3,492542978","15,44318184"
Chile,2020-07-13,2020-07-19,7,29,2814,1524,19212362,"7,932392696","14,64681958"
Chile,2020-07-20,2020-07-26,7,30,2698,609,19212362,"3,169834089","14,04304166"
Chile,2020-07-27,2020-08-02,7,31,2653,496,19212362,"2,581671114","13,80881747"
Chile,2020-08-03,2020-08-09,7,32,2516,469,19212362,"2,441136597","13,09573492"
Chile,2020-08-10,2020-08-16,7,33,2431,375,19212362,"1,951868281","12,65331145"
Chile,2020-08-17,2020-08-23,7,34,2596,400,19212362,"2,081992834","13,51213349"
Chile,2020-08-24,2020-08-30,7,35,2479,392,19212362,"2,040352977","12,90315059"
Chile,2020-08-31,2020-09-06,7,36,2395,348,19212362,"1,811333765","12,46593209"
Chile,2020-09-07,2020-09-13,7,37,2405,357,19212362,"1,858178604","12,51798191"
Chile,2020-09-14,2020-09-20,7,38,2401,337,19212362,"1,754078962","12,49716198"
Chile,2020-09-21,2020-09-27,7,39,2364,355,19212362,"1,84776864","12,30457765"
Chile,2020-09-28,2020-10-04,7,40,2340,338,19212362,"1,759283944","12,17965808"
Chile,2020-10-05,2020-10-11,7,41,2396,339,19212362,"1,764488926","12,47113707"
Chile,2020-10-12,2020-10-18,7,42,2307,317,19212362,"1,649979321","12,00789367"
Chile,2020-10-19,2020-10-25,7,43,2304,309,19212362,"1,608339464","11,99227872"
Chile,2020-10-26,2020-11-01,7,44,2268,303,19212362,"1,577109571","11,80489937"
Chile,2020-11-02,2020-11-08,7,45,2239,296,19212362,"1,540674697","11,65395489"
Chile,2020-11-09,2020-11-15,7,46,2121,276,19212362,"1,436575055","11,039767"
Chile,2020-11-16,2020-11-22,7,47,2184,250,19212362,"1,301245521","11,36768087"
Chile,2020-11-23,2020-11-29,7,48,2203,287,19212362,"1,493829858","11,46657553"
Chile,2020-11-30,2020-12-06,7,49,2174,272,19212362,"1,415755127","11,31563105"
Chile,2020-12-07,2020-12-13,7,50,2187,258,19212362,"1,342885378","11,38329582"
Chile,2020-12-14,2020-12-20,7,51,2155,268,19212362,"1,394935198","11,21673639"
Chile,2020-12-21,2020-12-27,7,52,2291,289,19212362,"1,504239822","11,92461395"
Chile,2020-12-28,2021-01-03,7,53,2236,324,19212362,"1,686414195","11,63833994"
Chile,2021-01-04,2021-01-10,7,1,2445,329,19212362,"1,712439106","12,7261812"
Chile,2021-01-11,2021-01-17,7,2,2438,381,19212362,"1,983098174","12,68974632"
Chile,2021-01-18,2021-01-24,7,3,2701,456,19212362,"2,37347183","14,05865661"
Chile,2021-01-25,2021-01-31,7,4,2557,519,19212362,"2,701385702","13,30913919"
Chile,2021-02-01,2021-02-07,7,5,2633,522,19212362,"2,717000648","13,70471783"
Chile,2021-02-08,2021-02-14,7,6,2506,567,19212362,"2,951224842","13,0436851"
Chile,2021-02-15,2021-02-21,7,7,2502,501,19212362,"2,607696024","13,02286517"
Chile,2021-02-22,2021-02-28,7,8,2606,530,19212362,"2,758640504","13,56418331"
Chile,2021-03-01,2021-03-07,7,9,2661,505,19212362,"2,628515952","13,85045733"
Chile,2021-03-08,2021-03-14,7,10,2656,597,19212362,"3,107374304","13,82443241"
Chile,2021-03-15,2021-03-21,7,11,2550,605,19212362,"3,149014161","13,27270431"
Chile,2021-03-22,2021-03-28,7,12,2741,475,19212362,"2,47236649","14,26685589"
Chile,2021-03-29,2021-04-04,7,13,2833,890,19212362,"4,632434055","14,74571424"
Chile,2021-04-05,2021-04-11,7,14,2849,702,19212362,"3,653897423","14,82899396"
Chile,2021-04-12,2021-04-18,7,15,2897,831,19212362,"4,325340112","15,0788331"
Chile,2021-04-19,2021-04-25,7,16,2664,679,19212362,"3,534182835","13,86607227"
Chile,2021-04-26,2021-05-02,7,17,2786,705,19212362,"3,669512369","14,50108009"
Chile,2021-05-03,2021-05-09,7,18,2731,657,19212362,"3,419673229","14,21480607"
Chile,2021-05-10,2021-05-16,7,19,2766,614,19212362,"3,195859","14,39698044"
Chile,2021-05-17,2021-05-23,7,20,2936,686,19212362,"3,57061771","15,2818274"
Chile,2021-05-24,2021-05-30,7,21,3081,650,19212362,"3,383238355","16,0365498"
Chile,2021-05-31,2021-06-06,7,22,3014,769,19212362,"4,002631223","15,687816"
Chile,2021-06-07,2021-06-13,7,23,3132,770,19212362,"4,007836205","16,30200389"
Chile,2021-06-14,2021-06-20,7,24,3180,806,19212362,"4,19521556","16,55184303"
Chile,2021-06-21,2021-06-27,7,25,3194,785,19212362,"4,085910936","16,62471278"
Chile,2021-06-28,2021-07-04,7,26,3326,805,19212362,"4,190010578","17,31177041"
Chile,2021-07-05,2021-07-11,7,27,3119,774,19212362,"4,028656133","16,23433912"
Chile,2021-07-12,2021-07-18,7,28,3042,637,19212362,"3,315573587","15,8335555"
Chile,2021-07-19,2021-07-25,7,29,2866,512,19212362,"2,664950827","14,91747865"
Chile,2021-07-26,2021-08-01,7,30,2745,502,19212362,"2,612901006","14,28767582"
Chile,2021-08-02,2021-08-08,7,31,2639,488,19212362,"2,540031257","13,73594772"
Chile,2021-08-09,2021-08-15,7,32,2625,364,19212362,"1,894613479","13,66307797"
Chile,2021-08-16,2021-08-22,7,33,2608,270,19212362,"1,405345163","13,57459327"
Chile,2021-08-23,2021-08-29,7,34,2357,235,19212362,"1,22317079","12,26814277"
Chile,2021-08-30,2021-09-05,7,35,2332,205,19212362,"1,067021327","12,13801822"
Chile,2021-09-06,2021-09-12,7,36,2394,142,19212362,"0,7391074559","12,46072711"
Chile,2021-09-13,2021-09-19,7,37,2383,127,19212362,"0,6610327247","12,40347231"
Chile,2021-09-20,2021-09-26,7,38,2354,81,19212362,"0,4216035488","12,25252783"
Chile,2021-09-27,2021-10-03,7,39,2244,54,19212362,"0,2810690325","11,6799798"
Chile,2021-10-04,2021-10-10,7,40,2316,70,19212362,"0,3643487459","12,05473851"
Chile,2021-10-11,2021-10-17,7,41,2325,45,19212362,"0,2342241938","12,10158335"
Chile,2021-10-18,2021-10-24,7,42,2112,60,51265841,"0,1170369955","4,11970224"
Colombia,2014-12-29,2015-01-04,7,1,4746,0,51265841,0,"9,25762634"
Colombia,2015-01-05,2015-01-11,7,2,4588,0,51265841,0,"8,949428919"
Colombia,2015-01-12,2015-01-18,7,3,4525,0,51265841,0,"8,826540074"
Colombia,2015-01-19,2015-01-25,7,4,4280,0,51265841,0,"8,348639009"
Colombia,2015-01-26,2015-02-01,7,5,4185,0,51265841,0,"8,163330433"
Colombia,2015-02-02,2015-02-08,7,6,4090,0,51265841,0,"7,978021857"
Colombia,2015-02-09,2015-02-15,7,7,4070,0,51265841,0,"7,939009525"
Colombia,2015-02-16,2015-02-22,7,8,4104,0,51265841,0,"8,005330489"
Colombia,2015-02-23,2015-03-01,7,9,4137,0,51265841,0,"8,069700836"
Colombia,2015-03-02,2015-03-08,7,10,4109,0,51265841,0,"8,015083572"
Colombia,2015-03-09,2015-03-15,7,11,4265,0,51265841,0,"8,31937976"
Colombia,2015-03-16,2015-03-22,7,12,4071,0,51265841,0,"7,940960141"
Colombia,2015-03-23,2015-03-29,7,13,4192,0,51265841,0,"8,176984749"
Colombia,2015-03-30,2015-04-05,7,14,4067,0,51265841,0,"7,933157675"
Colombia,2015-04-06,2015-04-12,7,15,4059,0,51265841,0,"7,917552742"
Colombia,2015-04-13,2015-04-19,7,16,4063,0,51265841,0,"7,925355209"
Colombia,2015-04-20,2015-04-26,7,17,4042,0,51265841,0,"7,88439226"
Colombia,2015-04-27,2015-05-03,7,18,4186,0,51265841,0,"8,165281049"
Colombia,2015-05-04,2015-05-10,7,19,4241,0,51265841,0,"8,272564962"
Colombia,2015-05-11,2015-05-17,7,20,4277,0,51265841,0,"8,342787159"
Colombia,2015-05-18,2015-05-24,7,21,4165,0,51265841,0,"8,124318101"
Colombia,2015-05-25,2015-05-31,7,22,4024,0,51265841,0,"7,849281162"
Colombia,2015-06-01,2015-06-07,7,23,4102,0,51265841,0,"8,001429256"
Colombia,2015-06-08,2015-06-14,7,24,4142,0,51265841,0,"8,079453919"
Colombia,2015-06-15,2015-06-21,7,25,4284,0,51265841,0,"8,356441475"
Colombia,2015-06-22,2015-06-28,7,26,4343,0,51265841,0,"8,471527854"
Colombia,2015-06-29,2015-07-05,7,27,4369,0,51265841,0,"8,522243886"
Colombia,2015-07-06,2015-07-12,7,28,4334,0,51265841,0,"8,453972305"
Colombia,2015-07-13,2015-07-19,7,29,4139,0,51265841,0,"8,07360207"
Colombia,2015-07-20,2015-07-26,7,30,3970,0,51265841,0,"7,743947866"
Colombia,2015-07-27,2015-08-02,7,31,4069,0,51265841,0,"7,937058908"
Colombia,2015-08-03,2015-08-09,7,32,4296,0,51265841,0,"8,379848874"
Colombia,2015-08-10,2015-08-16,7,33,4101,0,51265841,0,"7,999478639"
Colombia,2015-08-17,2015-08-23,7,34,4000,0,51265841,0,"7,802466364"
Colombia,2015-08-24,2015-08-30,7,35,4083,0,51265841,0,"7,964367541"
Colombia,2015-08-31,2015-09-06,7,36,4233,0,51265841,0,"8,256960029"
Colombia,2015-09-07,2015-09-13,7,37,4135,0,51265841,0,"8,065799603"
Colombia,2015-09-14,2015-09-20,7,38,4203,0,51265841,0,"8,198441531"
Colombia,2015-09-21,2015-09-27,7,39,4217,0,51265841,0,"8,225750164"
Colombia,2015-09-28,2015-10-04,7,40,4232,0,51265841,0,"8,255009413"
Colombia,2015-10-05,2015-10-11,7,41,4162,0,51265841,0,"8,118466251"
Colombia,2015-10-12,2015-10-18,7,42,4045,0,51265841,0,"7,89024411"
Colombia,2015-10-19,2015-10-25,7,43,4027,0,51265841,0,"7,855133011"
Colombia,2015-10-26,2015-11-01,7,44,4238,0,51265841,0,"8,266713112"
Colombia,2015-11-02,2015-11-08,7,45,4174,0,51265841,0,"8,14187365"
Colombia,2015-11-09,2015-11-15,7,46,4363,0,51265841,0,"8,510540186"
Colombia,2015-11-16,2015-11-22,7,47,4303,0,51265841,0,"8,393503191"
Colombia,2015-11-23,2015-11-29,7,48,4289,0,51265841,0,"8,366194558"
Colombia,2015-11-30,2015-12-06,7,49,4368,0,51265841,0,"8,520293269"
Colombia,2015-12-07,2015-12-13,7,50,4324,0,51265841,0,"8,434466139"
Colombia,2015-12-14,2015-12-20,7,51,4301,0,51265841,0,"8,389601957"
Colombia,2015-12-21,2015-12-27,7,52,4553,0,51265841,0,"8,881157338"
Colombia,2015-12-28,2016-01-03,7,53,4609,0,51265841,0,"8,990391867"
Colombia,2016-01-04,2016-01-10,7,1,4474,0,51265841,0,"8,727058628"
Colombia,2016-01-11,2016-01-17,7,2,4435,0,51265841,0,"8,650984581"
Colombia,2016-01-18,2016-01-24,7,3,4389,0,51265841,0,"8,561256217"
Colombia,2016-01-25,2016-01-31,7,4,4253,0,51265841,0,"8,295972361"
Colombia,2016-02-01,2016-02-07,7,5,4183,0,51265841,0,"8,1594292"
Colombia,2016-02-08,2016-02-14,7,6,4113,0,51265841,0,"8,022886038"
Colombia,2016-02-15,2016-02-21,7,7,4131,0,51265841,0,"8,057997137"
Colombia,2016-02-22,2016-02-28,7,8,4100,0,51265841,0,"7,997528023"
Colombia,2016-02-29,2016-03-06,7,9,4190,0,51265841,0,"8,173083516"
Colombia,2016-03-07,2016-03-13,7,10,4218,0,51265841,0,"8,22770078"
Colombia,2016-03-14,2016-03-20,7,11,4228,0,51265841,0,"8,247206946"
Colombia,2016-03-21,2016-03-27,7,12,4275,0,51265841,0,"8,338885926"
Colombia,2016-03-28,2016-04-03,7,13,4092,0,51265841,0,"7,98192309"
Colombia,2016-04-04,2016-04-10,7,14,4112,0,51265841,0,"8,020935422"
Colombia,2016-04-11,2016-04-17,7,15,4153,0,51265841,0,"8,100910702"
Colombia,2016-04-18,2016-04-24,7,16,4211,0,51265841,0,"8,214046464"
Colombia,2016-04-25,2016-05-01,7,17,4110,0,51265841,0,"8,017034189"
Colombia,2016-05-02,2016-05-08,7,18,4175,0,51265841,0,"8,143824267"
Colombia,2016-05-09,2016-05-15,7,19,4320,0,51265841,0,"8,426663673"
Colombia,2016-05-16,2016-05-22,7,20,4632,0,51265841,0,"9,035256049"
Colombia,2016-05-23,2016-05-29,7,21,4532,0,51265841,0,"8,84019439"
Colombia,2016-05-30,2016-06-05,7,22,4582,0,51265841,0,"8,937725219"
Colombia,2016-06-06,2016-06-12,7,23,4561,0,51265841,0,"8,896762271"
Colombia,2016-06-13,2016-06-19,7,24,4537,0,51265841,0,"8,849947473"
Colombia,2016-06-20,2016-06-26,7,25,4503,0,51265841,0,"8,783626509"
Colombia,2016-06-27,2016-07-03,7,26,4530,0,51265841,0,"8,836293157"
Colombia,2016-07-04,2016-07-10,7,27,4349,0,51265841,0,"8,483231554"
Colombia,2016-07-11,2016-07-17,7,28,4315,0,51265841,0,"8,41691059"
Colombia,2016-07-18,2016-07-24,7,29,4088,0,51265841,0,"7,974120624"
Colombia,2016-07-25,2016-07-31,7,30,4188,0,51265841,0,"8,169182283"
Colombia,2016-08-01,2016-08-07,7,31,4175,0,51265841,0,"8,143824267"
Colombia,2016-08-08,2016-08-14,7,32,4291,0,51265841,0,"8,370095791"
Colombia,2016-08-15,2016-08-21,7,33,4176,0,51265841,0,"8,145774884"
Colombia,2016-08-22,2016-08-28,7,34,4036,0,51265841,0,"7,872688561"
Colombia,2016-08-29,2016-09-04,7,35,4123,0,51265841,0,"8,042392204"
Colombia,2016-09-05,2016-09-11,7,36,4084,0,51265841,0,"7,966318157"
Colombia,2016-09-12,2016-09-18,7,37,4021,0,51265841,0,"7,843429312"
Colombia,2016-09-19,2016-09-25,7,38,4186,0,51265841,0,"8,165281049"
Colombia,2016-09-26,2016-10-02,7,39,4025,0,51265841,0,"7,851231778"
Colombia,2016-10-03,2016-10-09,7,40,4066,0,51265841,0,"7,931207059"
Colombia,2016-10-10,2016-10-16,7,41,4171,0,51265841,0,"8,136021801"
Colombia,2016-10-17,2016-10-23,7,42,4146,0,51265841,0,"8,087256386"
Colombia,2016-10-24,2016-10-30,7,43,4073,0,51265841,0,"7,944861375"
Colombia,2016-10-31,2016-11-06,7,44,4039,0,51265841,0,"7,878540411"
Colombia,2016-11-07,2016-11-13,7,45,4173,0,51265841,0,"8,139923034"
Colombia,2016-11-14,2016-11-20,7,46,4139,0,51265841,0,"8,07360207"
Colombia,2016-11-21,2016-11-27,7,47,4263,0,51265841,0,"8,315478527"
Colombia,2016-11-28,2016-12-04,7,48,4269,0,51265841,0,"8,327182226"
Colombia,2016-12-05,2016-12-11,7,49,4455,0,51265841,0,"8,689996912"
Colombia,2016-12-12,2016-12-18,7,50,4590,0,51265841,0,"8,953330152"
Colombia,2016-12-19,2016-12-25,7,51,4586,0,51265841,0,"8,945527686"
Colombia,2016-12-26,2017-01-01,7,52,4804,0,51265841,0,"9,370762103"
Colombia,2017-01-02,2017-01-08,7,1,4755,0,51265841,0,"9,27518189"
Colombia,2017-01-09,2017-01-15,7,2,4756,0,51265841,0,"9,277132506"
Colombia,2017-01-16,2017-01-22,7,3,4635,0,51265841,0,"9,041107899"
Colombia,2017-01-23,2017-01-29,7,4,4574,0,51265841,0,"8,922120287"
Colombia,2017-01-30,2017-02-05,7,5,4392,0,51265841,0,"8,567108067"
Colombia,2017-02-06,2017-02-12,7,6,4402,0,51265841,0,"8,586614233"
Colombia,2017-02-13,2017-02-19,7,7,4231,0,51265841,0,"8,253058796"
Colombia,2017-02-20,2017-02-26,7,8,4199,0,51265841,0,"8,190639065"
Colombia,2017-02-27,2017-03-05,7,9,4173,0,51265841,0,"8,139923034"
Colombia,2017-03-06,2017-03-12,7,10,4244,0,51265841,0,"8,278416812"
Colombia,2017-03-13,2017-03-19,7,11,4156,0,51265841,0,"8,106762552"
Colombia,2017-03-20,2017-03-26,7,12,4165,0,51265841,0,"8,124318101"
Colombia,2017-03-27,2017-04-02,7,13,4539,0,51265841,0,"8,853848706"
Colombia,2017-04-03,2017-04-09,7,14,4355,0,51265841,0,"8,494935253"
Colombia,2017-04-10,2017-04-16,7,15,4183,0,51265841,0,"8,1594292"
Colombia,2017-04-17,2017-04-23,7,16,4271,0,51265841,0,"8,33108346"
Colombia,2017-04-24,2017-04-30,7,17,4302,0,51265841,0,"8,391552574"
Colombia,2017-05-01,2017-05-07,7,18,4080,0,51265841,0,"7,958515691"
Colombia,2017-05-08,2017-05-14,7,19,4196,0,51265841,0,"8,184787215"
Colombia,2017-05-15,2017-05-21,7,20,4516,0,51265841,0,"8,808984524"
Colombia,2017-05-22,2017-05-28,7,21,4370,0,51265841,0,"8,524194502"
Colombia,2017-05-29,2017-06-04,7,22,4500,0,51265841,0,"8,777774659"
Colombia,2017-06-05,2017-06-11,7,23,4342,0,51265841,0,"8,469577238"
Colombia,2017-06-12,2017-06-18,7,24,4339,0,51265841,0,"8,463725388"
Colombia,2017-06-19,2017-06-25,7,25,4171,0,51265841,0,"8,136021801"
Colombia,2017-06-26,2017-07-02,7,26,4412,0,51265841,0,"8,606120399"
Colombia,2017-07-03,2017-07-09,7,27,4418,0,51265841,0,"8,617824099"
Colombia,2017-07-10,2017-07-16,7,28,4400,0,51265841,0,"8,582713"
Colombia,2017-07-17,2017-07-23,7,29,4339,0,51265841,0,"8,463725388"
Colombia,2017-07-24,2017-07-30,7,30,4263,0,51265841,0,"8,315478527"
Colombia,2017-07-31,2017-08-06,7,31,4390,0,51265841,0,"8,563206834"
Colombia,2017-08-07,2017-08-13,7,32,4278,0,51265841,0,"8,344737776"
Colombia,2017-08-14,2017-08-20,7,33,4389,0,51265841,0,"8,561256217"
Colombia,2017-08-21,2017-08-27,7,34,4234,0,51265841,0,"8,258910646"
Colombia,2017-08-28,2017-09-03,7,35,4253,0,51265841,0,"8,295972361"
Colombia,2017-09-04,2017-09-10,7,36,4256,0,51265841,0,"8,301824211"
Colombia,2017-09-11,2017-09-17,7,37,4373,0,51265841,0,"8,530046352"
Colombia,2017-09-18,2017-09-24,7,38,4387,0,51265841,0,"8,557354984"
Colombia,2017-09-25,2017-10-01,7,39,4290,0,51265841,0,"8,368145175"
Colombia,2017-10-02,2017-10-08,7,40,4317,0,51265841,0,"8,420811823"
Colombia,2017-10-09,2017-10-15,7,41,4402,0,51265841,0,"8,586614233"
Colombia,2017-10-16,2017-10-22,7,42,4454,0,51265841,0,"8,688046296"
Colombia,2017-10-23,2017-10-29,7,43,4177,0,51265841,0,"8,1477255"
Colombia,2017-10-30,2017-11-05,7,44,4310,0,51265841,0,"8,407157507"
Colombia,2017-11-06,2017-11-12,7,45,4440,0,51265841,0,"8,660737664"
Colombia,2017-11-13,2017-11-19,7,46,4239,0,51265841,0,"8,268663729"
Colombia,2017-11-20,2017-11-26,7,47,4306,0,51265841,0,"8,39935504"
Colombia,2017-11-27,2017-12-03,7,48,4409,0,51265841,0,"8,600268549"
Colombia,2017-12-04,2017-12-10,7,49,4575,0,51265841,0,"8,924070903"
Colombia,2017-12-11,2017-12-17,7,50,4491,0,51265841,0,"8,76021911"
Colombia,2017-12-18,2017-12-24,7,51,4562,0,51265841,0,"8,898712888"
Colombia,2017-12-25,2017-12-31,7,52,4589,0,51265841,0,"8,951379536"
Colombia,2018-01-01,2018-01-07,7,1,4721,0,51265841,0,"9,208860926"
Colombia,2018-01-08,2018-01-14,7,2,4465,0,51265841,0,"8,709503078"
Colombia,2018-01-15,2018-01-21,7,3,4631,0,51265841,0,"9,033305432"
Colombia,2018-01-22,2018-01-28,7,4,4644,0,51265841,0,"9,058663448"
Colombia,2018-01-29,2018-02-04,7,5,4485,0,51265841,0,"8,74851541"
Colombia,2018-02-05,2018-02-11,7,6,4407,0,51265841,0,"8,596367316"
Colombia,2018-02-12,2018-02-18,7,7,4332,0,51265841,0,"8,450071072"
Colombia,2018-02-19,2018-02-25,7,8,4254,0,51265841,0,"8,297922978"
Colombia,2018-02-26,2018-03-04,7,9,4378,0,51265841,0,"8,539799435"
Colombia,2018-03-05,2018-03-11,7,10,4505,0,51265841,0,"8,787527742"
Colombia,2018-03-12,2018-03-18,7,11,4597,0,51265841,0,"8,966984468"
Colombia,2018-03-19,2018-03-25,7,12,4453,0,51265841,0,"8,686095679"
Colombia,2018-03-26,2018-04-01,7,13,4248,0,51265841,0,"8,286219278"
Colombia,2018-04-02,2018-04-08,7,14,4382,0,51265841,0,"8,547601901"
Colombia,2018-04-09,2018-04-15,7,15,4332,0,51265841,0,"8,450071072"
Colombia,2018-04-16,2018-04-22,7,16,4349,0,51265841,0,"8,483231554"
Colombia,2018-04-23,2018-04-29,7,17,4409,0,51265841,0,"8,600268549"
Colombia,2018-04-30,2018-05-06,7,18,4538,0,51265841,0,"8,851898089"
Colombia,2018-05-07,2018-05-13,7,19,4460,0,51265841,0,"8,699749995"
Colombia,2018-05-14,2018-05-20,7,20,4721,0,51265841,0,"9,208860926"
Colombia,2018-05-21,2018-05-27,7,21,4654,0,51265841,0,"9,078169614"
Colombia,2018-05-28,2018-06-03,7,22,4749,0,51265841,0,"9,26347819"
Colombia,2018-06-04,2018-06-10,7,23,4848,0,51265841,0,"9,456589233"
Colombia,2018-06-11,2018-06-17,7,24,4803,0,51265841,0,"9,368811486"
Colombia,2018-06-18,2018-06-24,7,25,4851,0,51265841,0,"9,462441082"
Colombia,2018-06-25,2018-07-01,7,26,4868,0,51265841,0,"9,495601564"
Colombia,2018-07-02,2018-07-08,7,27,4845,0,51265841,0,"9,450737383"
Colombia,2018-07-09,2018-07-15,7,28,4782,0,51265841,0,"9,327848538"
Colombia,2018-07-16,2018-07-22,7,29,4740,0,51265841,0,"9,245922641"
Colombia,2018-07-23,2018-07-29,7,30,4518,0,51265841,0,"8,812885758"
Colombia,2018-07-30,2018-08-05,7,31,4459,0,51265841,0,"8,697799379"
Colombia,2018-08-06,2018-08-12,7,32,4607,0,51265841,0,"8,986490634"
Colombia,2018-08-13,2018-08-19,7,33,4637,0,51265841,0,"9,045009132"
Colombia,2018-08-20,2018-08-26,7,34,4498,0,51265841,0,"8,773873426"
Colombia,2018-08-27,2018-09-02,7,35,4462,0,51265841,0,"8,703651229"
Colombia,2018-09-03,2018-09-09,7,36,4452,0,51265841,0,"8,684145063"
Colombia,2018-09-10,2018-09-16,7,37,4415,0,51265841,0,"8,611972249"
Colombia,2018-09-17,2018-09-23,7,38,4437,0,51265841,0,"8,654885814"
Colombia,2018-09-24,2018-09-30,7,39,4324,0,51265841,0,"8,434466139"
Colombia,2018-10-01,2018-10-07,7,40,4293,0,51265841,0,"8,373997025"
Colombia,2018-10-08,2018-10-14,7,41,4363,0,51265841,0,"8,510540186"
Colombia,2018-10-15,2018-10-21,7,42,4345,0,51265841,0,"8,475429087"
Colombia,2018-10-22,2018-10-28,7,43,4287,0,51265841,0,"8,362293325"
Colombia,2018-10-29,2018-11-04,7,44,4421,0,51265841,0,"8,623675948"
Colombia,2018-11-05,2018-11-11,7,45,4366,0,51265841,0,"8,516392036"
Colombia,2018-11-12,2018-11-18,7,46,4519,0,51265841,0,"8,814836374"
Colombia,2018-11-19,2018-11-25,7,47,4448,0,51265841,0,"8,676342596"
Colombia,2018-11-26,2018-12-02,7,48,4636,0,51265841,0,"9,043058515"
Colombia,2018-12-03,2018-12-09,7,49,4756,0,51265841,0,"9,277132506"
Colombia,2018-12-10,2018-12-16,7,50,4763,0,51265841,0,"9,290786822"
Colombia,2018-12-17,2018-12-23,7,51,4787,0,51265841,0,"9,337601621"
Colombia,2018-12-24,2018-12-30,7,52,4984,0,51265841,0,"9,721873089"
Colombia,2018-12-31,2019-01-06,7,1,5348,0,51265841,0,"10,43189753"
Colombia,2019-01-07,2019-01-13,7,2,4713,0,51265841,0,"9,193255993"
Colombia,2019-01-14,2019-01-20,7,3,4842,0,51265841,0,"9,444885533"
Colombia,2019-01-21,2019-01-27,7,4,4606,0,51265841,0,"8,984540018"
Colombia,2019-01-28,2019-02-03,7,5,4562,0,51265841,0,"8,898712888"
Colombia,2019-02-04,2019-02-10,7,6,4497,0,51265841,0,"8,771922809"
Colombia,2019-02-11,2019-02-17,7,7,4484,0,51265841,0,"8,746564794"
Colombia,2019-02-18,2019-02-24,7,8,4494,0,51265841,0,"8,766070959"
Colombia,2019-02-25,2019-03-03,7,9,4474,0,51265841,0,"8,727058628"
Colombia,2019-03-04,2019-03-10,7,10,4440,0,51265841,0,"8,660737664"
Colombia,2019-03-11,2019-03-17,7,11,4493,0,51265841,0,"8,764120343"
Colombia,2019-03-18,2019-03-24,7,12,4520,0,51265841,0,"8,816786991"
Colombia,2019-03-25,2019-03-31,7,13,4511,0,51265841,0,"8,799231441"
Colombia,2019-04-01,2019-04-07,7,14,4474,0,51265841,0,"8,727058628"
Colombia,2019-04-08,2019-04-14,7,15,4548,0,51265841,0,"8,871404255"
Colombia,2019-04-15,2019-04-21,7,16,4420,0,51265841,0,"8,621725332"
Colombia,2019-04-22,2019-04-28,7,17,4452,0,51265841,0,"8,684145063"
Colombia,2019-04-29,2019-05-05,7,18,4677,0,51265841,0,"9,123033796"
Colombia,2019-05-06,2019-05-12,7,19,4624,0,51265841,0,"9,019651116"
Colombia,2019-05-13,2019-05-19,7,20,4448,0,51265841,0,"8,676342596"
Colombia,2019-05-20,2019-05-26,7,21,4670,0,51265841,0,"9,109379479"
Colombia,2019-05-27,2019-06-02,7,22,4570,0,51265841,0,"8,91431782"
Colombia,2019-06-03,2019-06-09,7,23,4860,0,51265841,0,"9,479996632"
Colombia,2019-06-10,2019-06-16,7,24,4753,0,51265841,0,"9,271280656"
Colombia,2019-06-17,2019-06-23,7,25,4964,0,51265841,0,"9,682860757"
Colombia,2019-06-24,2019-06-30,7,26,4807,0,51265841,0,"9,376613952"
Colombia,2019-07-01,2019-07-07,7,27,4854,0,51265841,0,"9,468292932"
Colombia,2019-07-08,2019-07-14,7,28,4887,0,51265841,0,"9,53266328"
Colombia,2019-07-15,2019-07-21,7,29,4918,0,51265841,0,"9,593132394"
Colombia,2019-07-22,2019-07-28,7,30,4672,0,51265841,0,"9,113280713"
Colombia,2019-07-29,2019-08-04,7,31,4726,0,51265841,0,"9,218614008"
Colombia,2019-08-05,2019-08-11,7,32,4742,0,51265841,0,"9,249823874"
Colombia,2019-08-12,2019-08-18,7,33,4693,0,51265841,0,"9,154243661"
Colombia,2019-08-19,2019-08-25,7,34,4912,0,51265841,0,"9,581428694"
Colombia,2019-08-26,2019-09-01,7,35,4842,0,51265841,0,"9,444885533"
Colombia,2019-09-02,2019-09-08,7,36,4717,0,51265841,0,"9,201058459"
Colombia,2019-09-09,2019-09-15,7,37,4609,0,51265841,0,"8,990391867"
Colombia,2019-09-16,2019-09-22,7,38,4648,0,51265841,0,"9,066465914"
Colombia,2019-09-23,2019-09-29,7,39,4432,0,51265841,0,"8,645132731"
Colombia,2019-09-30,2019-10-06,7,40,4628,0,51265841,0,"9,027453583"
Colombia,2019-10-07,2019-10-13,7,41,4577,0,51265841,0,"8,927972136"
Colombia,2019-10-14,2019-10-20,7,42,4617,0,51265841,0,"9,0059968"
Colombia,2019-10-21,2019-10-27,7,43,4633,0,51265841,0,"9,037206666"
Colombia,2019-10-28,2019-11-03,7,44,4778,0,51265841,0,"9,320046071"
Colombia,2019-11-04,2019-11-10,7,45,4746,0,51265841,0,"9,25762634"
Colombia,2019-11-11,2019-11-17,7,46,4697,0,51265841,0,"9,162046127"
Colombia,2019-11-18,2019-11-24,7,47,4790,0,51265841,0,"9,34345347"
Colombia,2019-11-25,2019-12-01,7,48,4755,0,51265841,0,"9,27518189"
Colombia,2019-12-02,2019-12-08,7,49,4803,0,51265841,0,"9,368811486"
Colombia,2019-12-09,2019-12-15,7,50,4818,0,51265841,0,"9,398070735"
Colombia,2019-12-16,2019-12-22,7,51,4862,0,51265841,0,"9,483897865"
Colombia,2019-12-23,2019-12-29,7,52,5041,0,51265841,0,"9,833058235"
Colombia,2019-12-30,2020-01-05,7,1,5076,0,51265841,0,"9,901329815"
Colombia,2020-01-06,2020-01-12,7,2,5007,0,51265841,0,"9,766737271"
Colombia,2020-01-13,2020-01-19,7,3,4897,0,51265841,0,"9,552169446"
Colombia,2020-01-20,2020-01-26,7,4,4760,0,51265841,0,"9,284934973"
Colombia,2020-01-27,2020-02-02,7,5,4631,0,51265841,0,"9,033305432"
Colombia,2020-02-03,2020-02-09,7,6,4742,0,51265841,0,"9,249823874"
Colombia,2020-02-10,2020-02-16,7,7,4699,0,51265841,0,"9,165947361"
Colombia,2020-02-17,2020-02-23,7,8,4693,0,51265841,0,"9,154243661"
Colombia,2020-02-24,2020-03-01,7,9,4520,0,51265841,0,"8,816786991"
Colombia,2020-03-02,2020-03-08,7,10,4534,0,51265841,0,"8,844095623"
Colombia,2020-03-09,2020-03-15,7,11,4457,0,51265841,0,"8,693898146"
Colombia,2020-03-16,2020-03-22,7,12,4499,2,51265841,"0,003901233182","8,775824042"
Colombia,2020-03-23,2020-03-29,7,13,4337,8,51265841,"0,01560493273","8,459824155"
Colombia,2020-03-30,2020-04-05,7,14,4190,25,51265841,"0,04876541477","8,173083516"
Colombia,2020-04-06,2020-04-12,7,15,4255,74,51265841,"0,1443456277","8,299873594"
Colombia,2020-04-13,2020-04-19,7,16,4355,70,51265841,"0,1365431614","8,494935253"
Colombia,2020-04-20,2020-04-26,7,17,4328,65,51265841,"0,1267900784","8,442268605"
Colombia,2020-04-27,2020-05-03,7,18,4263,96,51265841,"0,1872591927","8,315478527"
Colombia,2020-05-04,2020-05-10,7,19,4469,123,51265841,"0,2399258407","8,717305545"
Colombia,2020-05-11,2020-05-17,7,20,4579,111,51265841,"0,2165184416","8,93187337"
Colombia,2020-05-18,2020-05-24,7,21,4701,153,51265841,"0,2984443384","9,169848594"
Colombia,2020-05-25,2020-05-31,7,22,4738,212,51265841,"0,4135307173","9,242021408"
Colombia,2020-06-01,2020-06-07,7,23,5153,320,51265841,"0,6241973091","10,05152729"
Colombia,2020-06-08,2020-06-14,7,24,5338,408,51265841,"0,7958515691","10,41239136"
Colombia,2020-06-15,2020-06-21,7,25,5778,570,51265841,"1,111851457","11,27066266"
Colombia,2020-06-22,2020-06-28,7,26,6128,941,51265841,"1,835530212","11,95337847"
Colombia,2020-06-29,2020-07-05,7,27,6233,886,51265841,"1,7282463","12,15819321"
Colombia,2020-07-06,2020-07-12,7,28,6739,1243,51265841,"2,424616422","13,14520521"
Colombia,2020-07-13,2020-07-19,7,29,7313,1429,51265841,"2,787431108","14,26485913"
Colombia,2020-07-20,2020-07-26,7,30,7702,1789,51265841,"3,489653081","15,02364898"
Colombia,2020-07-27,2020-08-02,7,31,8070,2125,51265841,"4,145060256","15,74147589"
Colombia,2020-08-03,2020-08-09,7,32,7888,2192,51265841,"4,275751567","15,38646367"
Colombia,2020-08-10,2020-08-16,7,33,7648,2255,51265841,"4,398640412","14,91831569"
Colombia,2020-08-17,2020-08-23,7,34,7152,2219,51265841,"4,328418215","13,95080986"
Colombia,2020-08-24,2020-08-30,7,35,6798,2047,51265841,"3,992912162","13,26029158"
Colombia,2020-08-31,2020-09-06,7,36,6570,2049,51265841,"3,996813395","12,815551"
Colombia,2020-09-07,2020-09-13,7,37,6383,1512,51265841,"2,949332285","12,4507857"
Colombia,2020-09-14,2020-09-20,7,38,6240,1284,51265841,"2,504591703","12,17184753"
Colombia,2020-09-21,2020-09-27,7,39,6161,1280,51265841,"2,496789236","12,01774882"
Colombia,2020-09-28,2020-10-04,7,40,6019,1224,51265841,"2,387554707","11,74076126"
Colombia,2020-10-05,2020-10-11,7,41,6173,1122,51265841,"2,188591815","12,04115622"
Colombia,2020-10-12,2020-10-18,7,42,6190,1136,51265841,"2,215900447","12,0743167"
Colombia,2020-10-19,2020-10-25,7,43,6303,1184,51265841,"2,309530044","12,29473637"
Colombia,2020-10-26,2020-11-01,7,44,6080,1361,51265841,"2,65478918","11,85974887"
Colombia,2020-11-02,2020-11-08,7,45,6252,1276,51265841,"2,48898677","12,19525493"
Colombia,2020-11-09,2020-11-15,7,46,6119,1240,51265841,"2,418764573","11,93582292"
Colombia,2020-11-16,2020-11-22,7,47,6242,1256,51265841,"2,449974438","12,17574876"
Colombia,2020-11-23,2020-11-29,7,48,6266,1297,51265841,"2,529949718","12,22256356"
Colombia,2020-11-30,2020-12-06,7,49,6206,1224,51265841,"2,387554707","12,10552656"
Colombia,2020-12-07,2020-12-13,7,50,6640,1245,51265841,"2,428517656","12,95209416"
Colombia,2020-12-14,2020-12-20,7,51,6687,1422,51265841,"2,773776792","13,04377314"
Colombia,2020-12-21,2020-12-27,7,52,7203,1696,51265841,"3,308245738","14,0502913"
Colombia,2020-12-28,2021-01-03,7,53,7814,1794,51265841,"3,499406164","15,24211804"
Colombia,2021-01-04,2021-01-10,7,1,7964,2149,51265841,"4,191875054","15,53471053"
Colombia,2021-01-11,2021-01-17,7,2,8440,2517,51265841,"4,909701959","16,46320403"
Colombia,2021-01-18,2021-01-24,7,3,8479,2743,51265841,"5,350541309","16,53927807"
Colombia,2021-01-25,2021-01-31,7,4,7676,2609,51265841,"5,089158686","14,97293295"
Colombia,2021-02-01,2021-02-07,7,5,7029,2010,51265841,"3,920739348","13,71088402"
Colombia,2021-02-08,2021-02-14,7,6,6341,1612,51265841,"3,144393944","12,3688598"
Colombia,2021-02-15,2021-02-21,7,7,5915,1229,51265841,"2,39730779","11,53789714"
Colombia,2021-02-22,2021-02-28,7,8,5564,932,51265841,"1,817974663","10,85323071"
Colombia,2021-03-01,2021-03-07,7,9,5562,737,51265841,"1,437604427","10,84932948"
Colombia,2021-03-08,2021-03-14,7,10,5315,640,51265841,"1,248394618","10,36752718"
Colombia,2021-03-15,2021-03-21,7,11,5569,885,51265841,"1,726295683","10,86298379"
Colombia,2021-03-22,2021-03-28,7,12,5958,927,51265841,"1,80822158","11,62177365"
Colombia,2021-03-29,2021-04-04,7,13,6473,1139,51265841,"2,221752297","12,62634119"
Colombia,2021-04-05,2021-04-11,7,14,7210,1795,51265841,"3,501356781","14,06394562"
Colombia,2021-04-12,2021-04-18,7,15,8440,2439,51265841,"4,757553865","16,46320403"
Colombia,2021-04-19,2021-04-25,7,16,8775,3023,51265841,"5,896713954","17,11666058"
Colombia,2021-04-26,2021-05-02,7,17,8789,3126,51265841,"6,097627463","17,14396922"
Colombia,2021-05-03,2021-05-09,7,18,8882,3377,51265841,"6,587232227","17,32537656"
Colombia,2021-05-10,2021-05-16,7,19,8988,3446,51265841,"6,721824772","17,53214192"
Colombia,2021-05-17,2021-05-23,7,20,9058,3424,51265841,"6,678911207","17,66868508"
Colombia,2021-05-24,2021-05-30,7,21,9296,3558,51265841,"6,94029383","18,13293183"
Colombia,2021-05-31,2021-06-06,7,22,9767,3679,51265841,"7,176318438","19,05167224"
Colombia,2021-06-07,2021-06-13,7,23,10081,3817,51265841,"7,445503527","19,66416585"
Colombia,2021-06-14,2021-06-20,7,24,10451,4156,51265841,"8,106762552","20,38589399"
Colombia,2021-06-21,2021-06-27,7,25,10456,4744,51265841,"9,253725107","20,39564707"
Colombia,2021-06-28,2021-07-04,7,26,10240,4218,51265841,"8,22770078","19,97431389"
Colombia,2021-07-05,2021-07-11,7,27,9485,3930,213993441,"1,836504886","4,432378841"
Brazil,2015-01-01,2015-01-31,31,1,106695,0,213993441,0,"49,85900479"
Brazil,2015-02-01,2015-02-28,28,2,90612,0,213993441,0,"42,34335388"
Brazil,2015-03-01,2015-03-31,31,3,102473,0,213993441,0,"47,88604712"
Brazil,2015-04-01,2015-04-30,30,4,105114,0,213993441,0,"49,1201971"
Brazil,2015-05-01,2015-05-31,31,5,114042,0,213993441,0,"53,29228759"
Brazil,2015-06-01,2015-06-30,30,6,109240,0,213993441,0,"51,04829358"
Brazil,2015-07-01,2015-07-31,31,7,112975,0,213993441,0,"52,79367418"
Brazil,2015-08-01,2015-08-31,31,8,107510,0,213993441,0,"50,23985759"
Brazil,2015-09-01,2015-09-30,30,9,103152,0,213993441,0,"48,20334657"
Brazil,2015-10-01,2015-10-31,31,10,104756,0,213993441,0,"48,95290225"
Brazil,2015-11-01,2015-11-30,30,11,100873,0,213993441,0,"47,13836066"
Brazil,2015-12-01,2015-12-31,31,12,106733,0,213993441,0,"49,87676234"
Brazil,2016-01-01,2016-01-31,31,1,106199,0,213993441,0,"49,62722199"
Brazil,2016-02-01,2016-02-29,29,2,102818,0,213993441,0,"48,04726702"
Brazil,2016-03-01,2016-03-31,31,3,111631,0,213993441,0,"52,16561754"
Brazil,2016-04-01,2016-04-30,30,4,112127,0,213993441,0,"52,39740035"
Brazil,2016-05-01,2016-05-31,31,5,115315,0,213993441,0,"53,88716564"
Brazil,2016-06-01,2016-06-30,30,6,117216,0,213993441,0,"54,77551062"
Brazil,2016-07-01,2016-07-31,31,7,118151,0,213993441,0,"55,2124399"
Brazil,2016-08-01,2016-08-31,31,8,111120,0,213993441,0,"51,92682518"
Brazil,2016-09-01,2016-09-30,30,9,102873,0,213993441,0,"48,07296874"
Brazil,2016-10-01,2016-10-31,31,10,107472,0,213993441,0,"50,22210003"
Brazil,2016-11-01,2016-11-30,30,11,99625,0,213993441,0,"46,55516521"
Brazil,2016-12-01,2016-12-31,31,12,105227,0,213993441,0,"49,17300246"
Brazil,2017-01-01,2017-01-31,31,1,105899,0,213993441,0,"49,48703077"
Brazil,2017-02-01,2017-02-28,28,2,97082,0,213993441,0,"45,36681103"
Brazil,2017-03-01,2017-03-31,31,3,108850,0,213993441,0,"50,866045"
Brazil,2017-04-01,2017-04-30,30,4,107063,0,213993441,0,"50,03097268"
Brazil,2017-05-01,2017-05-31,31,5,114774,0,213993441,0,"53,63435415"
Brazil,2017-06-01,2017-06-30,30,6,114324,0,213993441,0,"53,42406733"
Brazil,2017-07-01,2017-07-31,31,7,122610,0,213993441,0,"57,29614862"
Brazil,2017-08-01,2017-08-31,31,8,114698,0,213993441,0,"53,59883904"
Brazil,2017-09-01,2017-09-30,30,9,107336,0,213993441,0,"50,15854668"
Brazil,2017-10-01,2017-10-31,31,10,109666,0,213993441,0,"51,2473651"
Brazil,2017-11-01,2017-11-30,30,11,102390,0,213993441,0,"47,84726089"
Brazil,2017-12-01,2017-12-31,31,12,107971,0,213993441,0,"50,45528475"
Brazil,2018-01-01,2018-01-31,31,1,106838,0,213993441,0,"49,92582927"
Brazil,2018-02-01,2018-02-28,28,2,94994,0,213993441,0,"44,39108019"
Brazil,2018-03-01,2018-03-31,31,3,109390,0,213993441,0,"51,11838918"
Brazil,2018-04-01,2018-04-30,30,4,107849,0,213993441,0,"50,39827366"
Brazil,2018-05-01,2018-05-31,31,5,115068,0,213993441,0,"53,77174154"
Brazil,2018-06-01,2018-06-30,30,6,116967,0,213993441,0,"54,65915191"
Brazil,2018-07-01,2018-07-31,31,7,119675,0,213993441,0,"55,92461126"
Brazil,2018-08-01,2018-08-31,31,8,115169,0,213993441,0,"53,81893924"
Brazil,2018-09-01,2018-09-30,30,9,108897,0,213993441,0,"50,88800829"
Brazil,2018-10-01,2018-10-31,31,10,107666,0,213993441,0,"50,31275702"
Brazil,2018-11-01,2018-11-30,30,11,103328,0,213993441,0,"48,28559208"
Brazil,2018-12-01,2018-12-31,31,12,110878,0,213993441,0,"51,8137376"
Brazil,2019-01-01,2019-01-31,31,1,110373,0,213993441,0,"51,57774906"
Brazil,2019-02-01,2019-02-28,28,2,97737,0,213993441,0,"45,67289518"
Brazil,2019-03-01,2019-03-31,31,3,109549,0,213993441,0,"51,19269053"
Brazil,2019-04-01,2019-04-30,30,4,110370,0,213993441,0,"51,57634715"
Brazil,2019-05-01,2019-05-31,31,5,118737,0,213993441,0,"55,48628007"
Brazil,2019-06-01,2019-06-30,30,6,118911,0,213993441,0,"55,56759097"
Brazil,2019-07-01,2019-07-31,31,7,124885,0,213993441,0,"58,35926532"
Brazil,2019-08-01,2019-08-31,31,8,118568,0,213993441,0,"55,40730568"
Brazil,2019-09-01,2019-09-30,30,9,112312,0,213993441,0,"52,4838516"
Brazil,2019-10-01,2019-10-31,31,10,111532,0,213993441,0,"52,11935444"
Brazil,2019-11-01,2019-11-30,30,11,105635,0,213993441,0,"49,36366251"
Brazil,2019-12-01,2019-12-31,31,12,111193,0,213993441,0,"51,96093837"
Brazil,2020-01-01,2020-01-31,31,1,113395,0,213993441,0,"52,98994187"
Brazil,2020-02-01,2020-02-29,29,2,106414,0,213993441,0,"49,72769235"
Brazil,2020-03-01,2020-03-31,31,3,120185,201,213993441,"0,0939281125","56,16293632"
Brazil,2020-04-01,2020-04-30,30,4,125923,5805,213993441,"2,712699965","58,84432692"
Brazil,2020-05-01,2020-05-31,31,5,156908,23308,213993441,"10,89192262","73,32374267"
Brazil,2020-06-01,2020-06-30,30,6,142885,30280,213993441,"14,1499664","66,77073808"
Brazil,2020-07-01,2020-07-31,31,7,147571,32881,213993441,"15,36542421","68,96052482"
Brazil,2020-08-01,2020-08-31,31,8,143383,28906,213993441,"13,50789065","67,00345549"
Brazil,2020-09-01,2020-09-30,30,9,128972,22571,213993441,"10,54751954","60,26913694"
Brazil,2020-10-01,2020-10-31,31,10,130493,15932,213993441,"7,445088002","60,97990639"
Brazil,2020-11-01,2020-11-30,30,11,124326,13236,213993441,"6,185236304","58,09804236"
Brazil,2020-12-01,2020-12-31,31,12,141190,21829,213993441,"10,20077994","65,97865773"
Brazil,2021-01-01,2021-01-31,31,1,147526,29555,213993441,"13,81117097","68,93949614"
Brazil,2021-02-01,2021-02-28,28,2,135290,30438,213993441,"14,22380044","63,22156388"
Brazil,2021-03-01,2021-03-31,31,3,205125,66573,213993441,"31,10983201","95,85574167"
Brazil,2021-04-01,2021-04-30,30,4,204893,82266,213993441,"38,44323434","95,74732713"
Brazil,2021-05-01,2021-05-31,31,5,178877,59010,213993441,"27,57561153","83,58994517"
Brazil,2021-06-01,2021-06-30,30,6,178844,55275,213993441,"25,83023094","83,57452414"
Brazil,2021-07-01,2021-07-31,31,7,162439,38304,213993441,"17,89961404","75,90840132"
Brazil,2021-08-01,2021-08-31,31,8,149206,24043,213993441,"11,23539109","69,72456693"
Brazil,2021-09-01,2021-09-30,30,9,129743,16336,#N/A,#N/A,#N/A